user,bb,favorite,status,follower
disclosedh1,3209,21,5970,8552
bugbounty18,1933,1748,2462,437
Bugcrowd,1580,4371,12880,29642
AntihackMe,1238,1,1397,250
caseyjohnellis,905,16643,50214,11472
evanricafort,668,42901,5463,2774
Jhaddix,656,4669,6901,32613
vuln_lab,637,294,4874,2982
bountyfactoryio,612,524,1126,4216
Hacker0x01,605,7874,3904,51928
akita_zen,596,11472,4387,5979
yeswehack,589,973,3588,6463
JPHammer71,587,395,2172,515
xss_es,572,83,606,938
samhouston,561,29406,52311,8514
ismailtsdln,498,5896,3508,7523
KHIZER_JAVED47,475,4495,2166,2016
internetwache,461,1083,3394,2876
micheymosh,454,2220,1445,464
jobertabma,433,1292,12927,10820
zseano,409,2227,3295,8182
martenmickos,399,12684,11126,22893
shipcod3,397,3569,11962,3367
gopalsinghcse,382,3601,2049,266
yaworsk,377,4734,4429,8626
crowdshield,375,6044,5746,4867
BugBountyHQ,372,1642,2094,9794
_bl4de,371,13043,8847,5591
EdisKonstantini,362,2389,1054,1301
NahamSec,358,5589,4366,10693
WebSecResearch,356,0,505,334
payloadartist,349,2195,2063,1013
testalways,348,5472,18725,2746
thedawgyg,339,7756,2137,4433
0xCaptainFreak,332,5755,2407,367
michielprins,328,1712,9423,4812
leoniemela,321,2815,6056,1412
sasi2103,319,5333,4092,2435
HivarekarPranav,316,3715,1420,3120
GertyBoy27,313,3537,1676,1430
BugBountyWeekly,308,276,786,962
0ctac0der,302,894,2098,1321
streaak,296,8544,1855,1380
ArbazKiraak,292,3972,3061,2385
BugcrowdOps,287,83,920,5664
restr1ct3d,284,3400,1927,2049
sectest9,279,7,1168521,21811
TheBugBot,278,2,438,262
anshuman_bh,278,2136,4446,3435
cyberboyIndia,276,2020,2895,4844
nilesh_loganx,275,12359,8935,1557
ny0ngx,274,2467,9309,155
B3nac,273,1543,3454,733
jcran,272,5112,13296,7436
free_man_,271,1247,2150,1956
jamesclyde90,267,102,1335,805
secuninja,266,937,3953,1832
Alra3ees,262,3963,5956,6140
nijagaw,260,5203,2640,2861
D0rkerDevil,249,23030,2667,1244
codesoda,249,9855,4107,2947
rootpentesting,246,3332,4902,19449
jstnkndy,244,2096,13145,5208
Yassineaboukir,242,3740,2353,5042
yappare,242,878,12962,3541
uraniumhacker,241,927,1414,3694
tweetrpersonal9,240,2436,3015,996
AliRazzaq_,239,5330,4243,899
SYNTAXERRORBA,239,5444,1358,2504
eye100_eagle,238,985,6054,85
fasthm00,233,3492,3447,939
n1sh1th,229,106,1836,47
YoKoAcc,225,11708,55557,1145
piconbier,225,385,1926,385
shpendk,221,1202,2801,892
FireBounty,218,30,337,785
ITSecurityguard,212,2671,2388,5926
Gamliel_InfoSec,210,4487,1525,508
PranavVenkatS,209,5400,2591,1501
asad0x01,208,20340,2152,702
k1ss_n00b,208,1,653,156
L33T_SEC,200,101,894,31861
Th3G3nt3lman,195,821,1434,4429
costanoavc,189,6610,5219,7905
eveeeez,188,3950,1043,481
AmitElazari,183,3145,1464,2453
gwendallecoguic,180,1228,1063,2008
soaphornseuo,180,16959,1171,673
Mahmoud0x00,179,2113,1150,850
mongobug,179,1719,1353,6994
dsopas,176,3015,6541,2386
rom1_,175,581,1489,613
c0d3G33k,173,1644,1923,969
adrien_jeanneau,172,7363,67973,3095
security_prince,171,9367,5901,900
HanseSecure,170,3962,8651,6865
g33kyshivam,170,377,1792,106
niksthehacker,170,1948,1513,1988
Engicohacks,169,202,930,422
FatihEgbatan,166,748,1161,1167
ehsahil,166,1658,964,2072
mrusschen,166,948,11342,1007
sn0wli0n,166,5177,4130,209
praseudo,164,1225,1172,661
what000if,161,3885,1911,427
seecure963,160,2710,1054,452
anh_npt,157,42,1085,36
hph0var,157,60,665,19
imhaxormad,154,6286,1183,442
Paresh_parmar1,153,4020,1553,1938
icheernoom,151,7356,33192,678
_SaxX_,149,4033,6393,2306
evrnyalcin,149,13474,8709,2395
materaj,148,246,32176,383
digitalwoot,147,1485,518,785
mikkzcarreon,147,1721,848,571
Midhunryann,146,895,731,76
PhillipWylie,146,13269,8121,3630
idontkn85445458,146,4298,774,51
schniggie,146,21,10158,799
lestutosdenico,145,1437,2641,1002
garagosy,144,1904,10712,2188
japzdivino,144,4812,2497,1021
yogendra_h1,142,2999,1142,1309
arcwhite,140,1260,10917,969
BarnettLKlane,139,13026,2445,851
clairvoyant_the,139,2058,178837,389
offethhacker,139,7039,30205,884
TechBrunchFR,138,272,3556,1083
har1sec,138,1203,2177,3787
omespino,138,2863,1432,3084
serializingme,138,76,3111,1055
Wh11teW0lf,137,4459,1049,822
TSnus,136,2079,6342,54
mschultz,136,3167,7140,1877
abhijeth,135,3149,4029,2784
x1m_martijn,135,9142,2844,1744
Toucas,134,1676,475,536
LocalHost31337,133,901,5266,675
0x61_,132,4224,3780,288
bazaker,131,104,1641,435
Fr4phc0r3,130,1592,6215,939
Mr_R0w07,130,2988,1133,172
Splint3r7,130,1094,489,471
yvtale,130,1579,1190,219
KEVINaitch,129,3115,1306,303
nnwakelam,127,6824,3479,6044
aryan_sinha21,126,622,770,112
HeisenbugHQ,125,299,1064,102
MrTuxracer,125,370,1209,3094
YNafiai,125,387,558,33
rootxharsh,125,2102,1541,2232
rudr4_sarkar,125,3140,1251,717
smiegles,125,2194,1709,5832
Alyssa_Herrera_,123,1394,1007,7039
introvertmac007,123,2037,857,2153
dewzi,120,1265,4302,6195
f0rever_hunter,120,2494,1149,97
famo,120,398,3590,952
tsmalmbe,120,1872,2504,417
HusseiN98D,118,209,225,1148
ngocdh,118,362,1357,447
tech_naivi,118,485,3169,194
BgxDoc,117,2627,1225,216
b14ckh34rt,117,2105,1853,117
benwolfson10,117,9164,5188,435
VickyChawla6,116,283,1115,102
manishkmr071,116,2049,1480,76
Rhynorater,115,2769,1276,2026
YogoshaOfficial,115,209,664,1392
ph3t_,115,4218,2681,2269
Jin33sh4k,114,1706,699,366
QuisterTow,114,310,771,907
iambharat18,114,24,525,36
samwcyo,114,2169,942,2436
aessadek,113,1065,787,257
swarmnetics,113,1063,1737,2222
xssbuddy,113,20,281,117
jigarthakkar39,111,838,533,1989
vhssunny1,111,586,1127,1118
MrTrizaeron,110,652,907,2624
SecRich,110,3314,7651,3853
7Abdullahshaikh,109,4926,891,160
CluelessSec,109,5,150,3141
OSVDB,109,0,5854,7830
danilabs,109,6435,7476,1265
gupta,109,103,836,1215
g33kspeed,108,49864,25479,4185
BetilloGalvan1,107,996,1443,467
hacker_,107,6708,2201,2951
merijn481,107,175,1261,836
vis_hacker,107,1664,921,1726
silencemind_,106,574,902,267
Random_Robbie,105,901,21612,4108
mhmdrsh1d,105,8,1141,188
5Y007,104,379,3249,98
kamalinux,103,1,1596,224
nothellow0rld,103,212,508,131
BACHI_BS,102,452,1292,110
MrTaharAmine,102,10087,2344,1171
Pritesh1337,102,4058,460,326
Tester_Baby,102,1341,694,101
sulemanmalik_3,102,1091,1228,1153
zer0byt3,102,2445,5213,909
Halxor149,101,2398,4095,159
m7mdharon,101,23061,4008,2069
pentest_swissky,101,4,4508,1668
swagnetow,101,2371,684,711
PaulosYibelo,100,2710,1182,1557
iamnoooob,100,8781,362,2746
tomdev,100,3406,8169,1724
bn_khattab,99,70,453,46
fakessh,99,10,27745,2439
xXSehgalXx,99,797,884,725
mhmdiaa,98,906,588,547
phwd,98,866,485,4191
webrat9,98,221,952,274
emgeekboy,97,1994,604,5857
mishradhiraj_,97,8404,573,1117
vibs123i,97,1325,335,871
c3retc3,96,10833,9974,555
seanmeals,96,1757,1210,5631
RHColeman8,95,1813,471,194
dewolfrobin,95,1110,3478,259
konkakarthik,95,1078,695,374
DarkieDuck,94,191,483,1056
abhibundela,94,4739,856,472
parad0xr,94,892,757,163
Agarri_FR,93,974,7507,7911
SilverPoision,93,10102,552,219
dirtycoder0124,93,280,993,133
fyoorer,93,730,1686,654
h1_sp1d3r,93,1806,855,2184
mstramgram,93,902,674,90
pentestscraps,93,4043,1670,304
prateek_0490,93,4325,6377,1860
Zealsham,92,1350,8705,957
artsweb,92,1103,16677,1282
osmand0gan,92,4480,2936,5618
_sawzeeyy,91,7057,1534,795
sleepyeinstein,91,714,911,126
InfoSecOne,90,1865,5020,819
saamux,90,1314,662,1643
zuh4n,90,1343,716,886
Pwsecspirit,89,7501,3498,1136
Zer0trip,89,1414,1356,433
ngalongc,89,1156,497,3013
sumit_cfe,89,479,451,180
zacakin,89,4238,2919,416
GThener,88,72,1813,52
Korben,88,2016,119301,120292
RedBaht,88,554,1056,31
brutelogic,88,4903,10393,24276
krankoPwnz,88,120,913,937
placideirandora,88,926,703,148
putsi,88,1072,672,1066
sechunt3r,88,1738,591,199
Ajay_kulal,87,7923,2283,757
codesahil,87,3504,1902,290
end1an,87,979,599,49
panchocosil,87,986,416,4136
Mr_Limar,86,1377,2253,327
isrsahilmk,86,4636,709,592
mazen160,86,1365,1142,2531
seansposito,86,10773,37729,3700
the_st0rm,86,1628,1642,1694
BuivanThu,85,199,1417,72
Jen_sec,85,1797,393,1868
iSecMax,85,1803,802,1073
leakyfunnel,85,800,1226,380
IamLEETboy,84,660,388,677
h1_kenan,84,1287,805,1006
EdOverflow,83,2573,785,5022
dhauenstein,83,2493,4374,705
dovanson91,83,1056,2107,367
hackerspider1,83,333,705,2282
sshhrruugggeedd,83,1780,1383,62
securinti,82,751,736,8150
BufferBandit,81,14785,21005,1947
CreedHackers,81,1431,618,204
IngoPan,81,6172,2573,847
Ylujion,81,7,1815,778
Yumi_Sec,81,1722,4390,3525
c0ldbr3w,81,1288,2568,1116
nagarockshard,81,1301,668,328
armaancrockroax,80,1578,503,1382
detectify,80,1992,2844,4434
KendoClaw1,79,2860,856,183
MrHasanabas,79,11073,6597,243
Sajibekantibd,79,1521,795,767
berk_imran,79,385,1201,1019
kittychix,79,4251,25400,2734
sanxor,79,287,310,861
evaristegal0is,78,5863,2274,2314
iamllamma,78,6723,3465,86
mslavco,78,991,1780,428
namburihari,78,832,735,180
senorarroz,78,773,739,3004
tomikoski,78,901,7487,328
aqeelkhan,76,24,18747,564
c0d3xpl0it,76,213,9834,1959
mitunjoy11,76,2017,341,1906
A_Web_Plus,75,1269,382,1279
esbenfj,75,773,664,724
rdincel1,75,3363,1512,7621
slackerscoza,75,359,15999,179
vloquet,75,2561,5221,2098
F4LCONE_,74,3157,220,1473
alicanact60,74,3227,312,641
newp_th,74,971,642,166
pankhurt,74,2213,1645,83
rohk_infosec,74,2155,702,2201
tdarosa,74,949,557,440
rootconph,73,700,2702,1988
shebi4,73,1517,444,145
nullenc0de,72,493,525,428
_sehno_,71,930,536,240
bgurley,71,4433,7358,398786
bugbountyforum,71,247,316,5948
leifdreizler,71,1867,1610,649
muzammilabbas2,71,186,447,258
v0sx9b,71,3052,229,2159
AsadAnw90,70,1924,212,230
NeobeePaul,70,758,3449,45
yppip,70,488,2754,447
10janka,69,186,408,70
Hax0r_g1rl,69,2171,1931,936
Ivanivsky,69,1787,494,323
NathOnSecurity,69,28143,24842,7252
ethicalhacker,69,448,3164,8131
AngryEgyptianX,68,9010,8906,150
Haniawad,68,5999,7631,293
_aliardic_,68,1308,2363,756
ninja_pandit_,68,861,453,712
securityshell,68,2920,13277,17440
xdavidhu,68,3291,1101,1163
xenonxesece,68,1785,338,1308
benchmark,67,2,6847,40653
irsdl,67,3370,5278,5961
karlaparece,67,4070,1867,299
synack,67,946,1829,16861
IsecEmAll,66,1083,2929,231
Rashmimpct,66,252,468,28
Scumble_lover,66,1222,1951,291
WhiteSourceSoft,66,6220,7995,4143
h3rm17w0lf,66,1091,281,417
h4ckologic,66,3215,493,554
iotcert,66,5254,6244,1963
thomasmedhurst,66,5119,1240,607
tolo7010,66,132,145,234
0xdeadpool,65,1919,638,749
AhsanTahirAT,65,260,309,1124
Allsecu,65,1998,4244,900
MrG0LEM,65,7980,255,135
damian_89_,65,504,8084,669
ebadahmad2,65,793,4331,213
openbugbounty,65,0,30099,3719
pradeepch999,65,288,225,234
rfkrishnan,65,71,1773,778
soaj1664ashar,65,29479,8579,11285
ShMalav,64,1768,427,20
d1pakdas,64,273,386,262
pavanvadrevu,64,1055,921,78
Fillawful,63,826,644,143
_MrSharma_,63,400,130,348
bhavukjain1,63,812,4132,1401
heerajnair,63,1583,749,325
jon_bottarini,63,2227,708,2843
Darkarnium,62,1582,1111,1558
DumbM4st4,62,4794,3577,683
JoakimTauren,62,1308,1226,415
benholley,62,218,955,123
mohamedlinux,62,32126,2979,318
pbssubhash,62,498,933,1094
0_1VitthalS,61,526,442,155
0xteknogeek,61,6349,7766,2235
SamiDrif,61,1735,342,658
mertistaken,61,1576,159,1684
redshark1802,61,1250,700,728
ru94mb,61,434,1398,825
Dataclast,60,4265,3865,876
rhyselsmore,60,5046,5048,639
Hacklad,59,2420,6611,247
MrMikasa,59,3478,2795,471
domineefh,59,5925,8163,494
feink0st,59,2368,1571,284
jimcola99,59,532,482,23
logicbomb_1,59,1157,208,1909
malcolmx0x,59,1286,431,1668
thedarkarmy_,59,2628,433,440
ChavdaZeel,58,1649,525,136
a_rrahmani,58,1930,330,295
cujanovic,58,5992,10720,2007
jackds1986,58,1034,519,2381
pwndizzle,58,9,556,2243
stokfredrik,58,2011,618,1336
totally_unknown,58,1248,2412,2097
xlimbolandx,58,1515,1053,39421
LKozz,57,660,1439,1192
Qab,57,1308,2121,3449
s4thi5h_infosec,57,465,124,747
NamishSir,56,3873,1837,330
RootCrixus,56,644,724,367
TemmyScript,56,348,1826,588
albinowax,56,625,1758,10827
c0rtePentest,56,229,246,146
hussain_0x3c,56,631,450,1142
sirdarckcat,56,2661,3622,5427
tech_sarath,56,862,159,485
twitt3raccnt,55,5351,747,666
klikkioy,54,240,366,1537
HafidAitChikh,53,1928,271,259
MrBenSpring,53,430,938,232
Muhd_Uwais_,53,1731,733,359
Nozz_,53,555,660,163
axcheron,53,0,6583,845
gvarisco,53,19351,5434,2850
infosec_au,53,4085,2844,6060
scarybeasts,53,291,3008,19030
DilawerSec,52,1620,513,192
bus7dz,52,1477,2290,62
i_bo0om,52,2628,6004,3518
leejosephinem,52,1878,1387,639
red_echel0n,52,6088,3736,444
Blue_Robin93,51,4621,2592,325
NWsecure,51,15,1288,574
Samrat_Das93,51,93,3264,180
bayronkentoy,51,592,204,78
bbuerhaus,51,1806,529,3546
fredrickl,51,1857,2500,957
general_nfs,51,200,1908,109
ghostsploit,51,1502,401,137
no1zy_sec,51,4125,10282,678
1337tr0lls,50,208,424,404
Issam_Rabhi,50,572,225,1283
avlidienbrunn,50,1556,1317,8334
dia2diab,50,1607,1718,593
dyvikatma,50,502,1021,93
josephjose_96,50,101,93,247
missoum1307,50,8766,2657,843
R3DC0D3R1,49,5333,263,370
_ayoubfathi_,49,1095,509,1921
adriananglin,49,64,4000,259
babyhacker33,49,275,81,69
javidhussain21,49,780,708,860
sajalpentest,49,61,727,189
0x0luke,48,2838,1936,312
Abdulhaqkhokhar,48,163,314,484
Aryan_2808,48,6092,373,163
IamGamequeen,48,583,339,353
SynackRedTeam,48,679,965,7392
TheBoredEng,48,504,262,1767
dawidczagan,48,0,469,2049
tnirmalz,48,4542,1110,208
PratyushJanghel,47,90,278,91
aboul3la,47,1846,758,2627
insp3ctre,47,3216,4704,1855
mast3root,47,741,2316,278
n0x00,47,35271,28799,2906
retr0_,47,145,1728,595
sandh0t,47,251,158,712
7sxbCK2UncBD5fA,46,0,480,41
Justhacker_py,46,2042,184,553
LearnerPentest,46,2816,711,366
LutaSecurity,46,322,203,3002
MUHIBEWATAN1,46,2455,643,17
RoyJansen_01,46,238,1217,510
Tejpratap_singh,46,5380,1010,262
YassirKazar,46,2274,14007,2762
bugbounty_world,46,35,117,1391
m3g9tr0n,46,773,19002,9544
nomanAli181,46,1029,308,374
theGodKilla,46,7209,317,191
uneedsec,46,12439,12749,522
hackrfi,45,31,88,229
massimozanchi,45,24327,30100,825
IfrahIman_,44,11035,575,1330
bugbsurveys,44,74,56,1739
jackhcable,44,1475,222,2417
robd4k,44,215,322,605
zoczus,44,653,664,617
alexnovgorodov,43,136,665,161
benjaminjwillis,43,857,697,242
p4c3n0g3,43,701,1836,454
strukt93,43,2760,1914,2756
zertox1,43,2103,2367,2660
404death,42,2481,1959,1446
Dakshxss,42,523,215,826
NightRang3r,42,1270,1269,1117
Pethuraj,42,100,124,21
Sp14Dr,42,1673,8979,4471
akhilreni_hs,42,545,324,1108
leaviljanen,42,604,2061,499
neeraj_sonaniya,42,284,144,325
noobsec_org,42,278,574,28
Ben_RA,41,16579,11621,2549
NeuroWinter,41,2387,2827,450
Shahmeer_Amir,41,548,725,2137
_onsali,41,1512,512,606
arosaina,41,1342,1346,68
celalerdik,41,982,402,1710
it4sec,41,1107,6781,2812
mrzacsmith,41,85,1009,328
tabahi_90,41,1447,121,1144
ArulVaiyapuri,40,836,809,839
JJoos,40,17652,7635,341
M0nk3H,40,5872,3910,2752
NOBBD,40,208,509,1346
PyaePhyoThu98,40,396,307,26
chiraggupta8769,40,445,294,76
cyberkendra,40,67,5869,555
iamthefrogy,40,52,8695,938
morty_albanna,40,719,252,56
ranjit_pahan,40,81,223,41
smaury92,40,1239,3440,1103
BugBountyZone,39,80,1257,1086
CircleNinja,39,382,260,464
JobyJohn,39,935,494,426
SushiHack,39,942,805,1842
ancst,39,2312,4118,1553
enciphers_,39,44,361,151
planetzuda,39,158,1316,830
todayininfosec,39,3,1862,22543
0rtan,38,952,533,60
4353_37,38,2089,1107,26
HighwirePR,38,1004,4180,1656
PentesterLand,38,816,118,942
R51,38,787,2602,324
RaafatSEC,38,1160,484,1325
W3BGUY,38,15714,20290,810
_sbzo,38,328,766,192
e3xpl0it,38,351,799,3554
elibolfahrettin,38,28755,10834,111
joserabal,38,4325,636,756
mohithkalyan,38,1754,1165,335
mr3dulorf1az,38,3168,349,79
plmaltais,38,2979,682,836
vinnyvinoth242,38,5051,61,660
CarHackVillage,37,2897,1893,3846
OrenHafif,37,476,797,2833
ShahzadSadiq25,37,253,108,392
TheHmadQureshi,37,1045,787,642
This_Is_Arya_,37,590,275,102
pnig0s,37,2701,543,1270
snaxX64,37,105,102,22
unl1k3ly,37,2136,1347,484
wezmaster,37,784,13861,1102
Almroot,36,905,908,2263
GardenerSantana,36,22987,45592,2347
Hacken_io,36,4219,1913,10364
JosipFranjkovic,36,903,138,3348
Karel_Origin,36,1797,1176,856
LoganAyalaan,36,1746,635,168
codingo_,36,4633,1797,1112
daudmalik06,36,585,273,293
karma_coded,36,548,263,173
norbemi,36,3527,2361,406
spetr0x,36,3783,579,334
JR0ch17,35,1633,224,664
JimWilsonSF,35,328,443,332
Mthirup,35,262,192,214
Santiag72427700,35,2796,1403,79
_sc0rn,35,551,1635,520
ashu_barot,35,411,772,318
kedrisec,35,454,271,479
mrdjjohnson,35,479,347,64
securestep9,35,4162,1931,3107
skansing,35,107,661,210
viperbluff,35,706,216,177
CaptureTheFlg,34,1413,728,744
HussamLinux,34,582,244,133
SecurityYasin,34,1787,783,889
Securityblog,34,25432,110513,6032
_L4ys,34,904,1063,718
abd3lfattah,34,133,183,125
amolnaik4,34,1504,3913,2764
buglaunch,34,0,34,125
nasimsec,34,83,88,40
nullcon,34,1735,4946,10563
1nd1ff3r3n7,33,274,322,54
CHyeonwoo,33,7,458,18
IM_23pds,33,885,1925,395
NealPoole,33,405,2341,3168
ZenOneSec,33,610,1669,1153
Zigoo0,33,1034,1096,4799
aroly,33,4193,1961,298
bamrinder,33,2053,275,345
fransrosen,33,2891,2397,12053
iamnihal_,33,1791,285,139
itscachemoney,33,218,270,1322
mohdhaji24,33,225,105,877
threatpost,33,277,17115,165068
tvmpt,33,1217,153,545
Bishu93694440,32,1055,429,51
Dhamuharker,32,6499,433,372
LurisJame,32,546,704,725
OTEx911,32,179,603,25
SaltwrxLLC,32,1916,593,221
SourceFrenchy,32,8844,11962,448
TimPhSchaefers,32,584,517,1676
_devalias,32,3420,2788,868
anandtiwarics,32,851,1174,707
cyberdahl,32,1539,3964,849
dpgribkov,32,1105,523,219
kongwenbin,32,306,446,221
santi_lopezz99,32,454,104,4388
xlocux,32,570,3791,124
InstaSafe,31,431,628,480
J1ggy_,31,46,169,8
Notfound404__,31,2801,4661,1621
RakeshMane10,31,5160,401,1341
akaash2397,31,544,163,403
iamramav,31,4391,736,178
inhibitor181,31,400,287,392
irshad9998,31,314,175,34
jkspentester,31,7183,1896,65
ni8walk3r,31,361,349,57
securityprimes,31,23,139,253
0xRadi,30,1637,360,313
1n1qu170us,30,3418,861,257
MiguelSantareno,30,340,55,193
MrB0LTv2,30,528,304,108
Nirgoldshlager,30,1358,1626,9674
RS_CyberFR,30,210,1318,922
ShubhamPthk,30,113,83,191
TipsBug,30,0,89,55
YShahinzadeh,30,742,1175,1424
_zulln,30,1522,2161,814
bnchandrapal,30,2827,4480,700
brsgdc,30,593,293,3549
dungvit85,30,147,301,81
k33r0k,30,602,399,190
kmskrishna,30,4287,592,1098
kunalp94,30,612,335,392
mahajan344,30,388,1249,334
mr_cyborgboy,30,3664,447,118
na5n33t,30,772,146,57
nahmedfaisal,30,604,183,2097
sameer_bhatt5,30,1323,610,149
signalsciences,30,1259,1389,2641
tareksiddiki,30,120,294,1041
thugcrowd,30,1842,1062,2382
yop_solo,30,2273,1832,77
AneesEthical,29,1083,97,518
KieranClaessens,29,1157,330,551
LindseyOD123,29,4353,5464,1798
MilanGabor,29,10629,9158,1459
VulnScope,29,126,102,328
aaditya_purani,29,1654,2986,5902
donrookie,29,2647,6448,649
iframe0x01,29,113,222,89
llt4l,29,1721,619,277
qusaialhaddad,29,762,3143,1454
s3curityb3ast,29,478,555,438
security_sesha,29,9821,5022,1111
463270r4263,28,8224,4276,576
ARUNTHOMAS115,28,1297,829,156
HackerOn2Wheels,28,335,245,98
MrJakobStorm,28,219,287,698
Rosenawesome,28,2845,1841,640
Swapnil_Kotha,28,327,193,37
WalidHossain786,28,411,98,45
agrawalsmart7,28,1431,431,263
durg78,28,796,569,127
hossams01284251,28,159,151,41
keith55,28,3079,5548,701
lovepreet_sg,28,2172,173,69
maxime_tz,28,6704,5507,180
phr0nak,28,1858,2143,1999
princechaddha,28,1379,232,746
ska_vans,28,177,150,285
superevr,28,425,3283,2490
vijay_IndoSec,28,44,43,731
0xKonqi,27,297,245,1555
159k,27,75,5378,863
538355,27,296,117647,2137
ANAS_INFOSEC,27,944,225,238
CyberCrimeNEWS,27,209,109635,8454
TheLaytonCipher,27,158,433,636
an0n_j,27,508,201,137
avi_benchimol,27,14,4985,62
d0nutptr,27,5565,2308,909
janithSmalinga,27,634,485,38
molejarka,27,2661,868,507
oscar_mrdc,27,167,3135,428
1lastBr3ath,26,2535,1054,561
C0ld_b00t3r,26,362,230,295
FogMarks,26,76,106,913
Imrannissar3,26,177,88,46
Madrobot_,26,860,239,317
Mick5691,26,4210,712,512
Mubassirpatel1,26,34,650,64
SpencerHaley,26,1514,3165,632
aa5h15h,26,438,684,35
cyberkryption,26,6454,10449,791
maldevel,26,43681,25715,7423
mandeeps13k,26,815,230,157
matthewjland,26,1258,230,229
mefkansec,26,1742,112,721
mildata,26,979,754,318
s_kunk,26,2012,3042,1067
techyRyanLong,26,311,381,70
tejasjoshi91,26,285,880,172
vishwaraj101,26,1965,283,368
x1622sec,26,331,739,7298
zombisoft,26,1145,14396,284
3ndz,25,1897,4575,103
CMD_0_0,25,527,136,429
SarthakTanwani,25,201,182,38
ahm3dsec,25,601,377,695
ai_hax0r,25,284,85,17
detroitsmassh,25,2670,323,168
exploitprotocol,25,1761,762,2336
klepas,25,13945,7331,1126
le4rner,25,187,177,591
ljwiswel,25,1453,511,911
ngnicky,25,11267,15638,555
pr0gr35528,25,849,195,48
r00tbug,25,1376,330,151
signalchaos,25,3322,476,2603
steevebarbeau,25,130,6292,899
vikramsalunke20,25,990,2189,329
0xibram,24,2805,1823,1038
AnsariOsama10,24,2615,66,951
Black2Fan,24,43,501,3017
KarimPwnz,24,2488,274,6785
LukasReschke,24,488,1264,695
RahulKankrale,24,41,123,251
ShawarkOFFICIAL,24,81,449,1904
TurbanatorSJS,24,452,258,1994
alwaysAdapa,24,418,282,103
asso_hzv,24,684,4603,10114
cBekrar,24,246,2410,16522
decalresponds,24,711,1990,632
evil_xorb,24,668,201,893
h45h5h0t,24,165,98,15
oneevilchef,24,27,1027,19
paul_eubanks,24,8670,7924,774
4w4r44,23,1854,652,150
Ben123Scotland,23,242,380,12
ErayMitrani,23,1642,1611,899
PWNetrationguru,23,1451,517,600
Parth_Malhotra,23,579,213,2040
TheR0oT,23,354,1929,205
XSaadAhmedX,23,49,91,86
alxbrsn,23,243,270,1114
arneswinnen,23,802,155,3265
bik3te,23,1057,1114,194
dnkolegov,23,70,893,1179
hakluke,23,567,1091,1233
intigriti,23,234,132,900
jamal972,23,2180,750,86
jeffcariker,23,1221,624,987
lucio_89,23,410,124,1016
navjeet_rathore,23,438,185,37
phspades,23,572,982,238
planetlevel,23,1583,3221,2714
rpfitzpatrick,23,3090,2035,274
saum98,23,2352,5165,557
securitymeta_,23,1764,828,476
sergeybelove,23,587,2695,1993
shafigullin,23,654,2180,5400
theflofly,23,1492,540,499
turkusec,23,16113,2721,864
vforvasilis,23,5116,3144,530
0ang3el,22,1066,258,670
AlwardaniAa,22,2596,1726,447
DigitoolsIO,22,4403,5868,4161
GeneralEG64,22,383,686,283
Ice3man543,22,1148,477,678
KevinKi3n,22,632,1707,149
MickaelDorigny,22,19,10888,1965
Nahr3n,22,1151,1585,44
SebMorin1,22,1813,236,1115
Zombiehelp54,22,1021,260,2436
alexxinozgz,22,2029,5002,163
aussan_m,22,186,227,61
charlesbeeler,22,366,3539,13831
cyberanteater,22,59,61,99
deepaky_1257,22,1579,746,69
fatinsourav1,22,1026,130,169
johnhering,22,57,4203,48213
k8em0,22,78944,24403,62787
k_v0,22,240,145,77
kannan_1786,22,1762,2134,300
khalavak,22,1717,3010,310
kp625544,22,1197,466,225
lucacarettoni,22,2683,8248,2933
maxenceschmitt,22,384,658,128
maxrousseau,22,453,1428,507
nareshmaill,22,2246,596,66
official_roy,22,277,349,8149
ramirezVII,22,222,612,127
shean_hs,22,12055,11651,286
shishi0_,22,144,1115,154
viewfromabook,22,2361,1719,546
0xACB,21,3326,638,2193
0xtavian,21,3870,1914,1205
AndrewPhamzer,21,1952,550,1161
CybSecAlliance,21,329,954,972
GG_TACHYON,21,2730,1712,157
Gromak123_Sec,21,316,158,586
HaythamNaamane,21,219,99,28
Naveen52956477,21,218,136,28
RW_Security,21,4,12639,175
R_Marot,21,278,510,174
Sophie_Claude_,21,1001,606,191
THB_STX,21,16332,22868,639
Who_4m1,21,3122,3998,60
aliadnanaslam,21,731,306,70
deepankerchawla,21,227,230,1946
gaurang_bh,21,108,245,112
hst_kishan,21,246,283,309
libber,21,2924,238,1606
luketucker,21,2813,4721,1749
mgianarakis,21,1151,3770,882
rafaybaloch,21,2253,5268,13404
realytcracker,21,8,17781,21251
satishb3,21,3148,263,1613
shogun_lab,21,1376,143,334
soiaxx,21,364,282,249
swapgs,21,2033,1155,224
tiger_tigerboy,21,284,367,213
0x01alka,20,22,31,2004
Akash_labade,20,54,341,60
BastianKammann,20,1115,7820,136
HackenProof,20,181,116,968
Hackers_Guild,20,844,113,30
Hamzabet,20,2895,519,225
NingSec,20,111,100,64
SafeHats,20,165,155,217
TomNomNom,20,2160,26082,2602
___0x00,20,2023,442,198
amansmughal,20,120,116,428
arbingodar,20,2782,120,13601
giovcerrato,20,1734,1364,250
infosec_com_br,20,846,328,159
isecator,20,1,389,51
jvesiluoma,20,467,222,545
kamilsevi,20,0,5292,1499
opnsec,20,154,278,1212
pjarmstrongaz,20,21671,4695,1406
sagarparmar121,20,683,162,423
sappi_13,20,510,286,597
tanujjane,20,342,855,525
vasim__sk,20,1554,141,314
vinothpkumar,20,232,369,303
webtonull,20,6015,9657,3694
00pushpam,19,389,188,29
7H3Wh173R4bb17,19,14,15738,40517
DanParelskin,19,532,252,203
InsightGlacier,19,186,991,202
Jo3Ram,19,11594,13923,451
KooperMacleay,19,892,2497,1216
NCCsecurityUS,19,478,1120,4683
Rbcafe,19,21,5782,1502
Regala_,19,557,1737,852
ShrewkRoot,19,1681,937,386
abss_tbh,19,421,100,97
art0flunam00n,19,1790,1408,441
bsmt_nevers,19,2352,10094,507
claudijd,19,1256,5292,1986
coreb1t,19,1076,601,212
eur0pa_,19,1662,1767,1138
floyd_ch,19,722,3268,890
hecvs17,19,125,53,78
himanshu_hax,19,572,558,249
hsOpenMind,19,5933,2482,52
jcesarstef,19,4886,1766,262
jeremiahg,19,236,41069,57737
kciredor_,19,2174,361,741
mintynet,19,541,323,249
nikhhilanand29,19,5535,1549,92
p0wnsauc3,19,594,1880,753
quanyang,19,1105,972,695
sirmatrixpage,19,874,28827,1633
therealmikec24,19,45,60,56
volvent,19,6054,1276,846
xhzeem,19,609,131,562
yamakira_,19,1038,677,1037
0xba3ba4,18,709,2519,262
0xroot,18,3136,9149,3990
BreachedSec_com,18,56,191,1123
BugzBounty,18,3,36,23
DZittersteyn,18,155,3547,301
DailySwig,18,12,833,1318
Ericl33tNyamu,18,3,369,12
Hishammir1,18,291,127,262
Modam3r5,18,1391,316,124
Olivier_Network,18,593,943,166
Unixity,18,511,715,99
Xaliom,18,457,216,30
abhineetisingh,18,500,221,428
ashuankitpandey,18,937,211,46
behroznathwani,18,424,58,411
darlate,18,338,176,146
faizalabroni,18,150,149,13933
garage4hackers,18,1758,6309,7151
haxxbard,18,3257,1822,145
jeffman78,18,992,7481,1336
mattaustin,18,1149,560,1420
prakharprasad,18,4221,280,4225
proabiral,18,2542,251,431
s0cket7,18,1587,1013,648
securdigilife,18,16,8171,50
sistemhatasi0,18,7,317,46
th3_gr00t,18,709,564,170
vanshitmalhotra,18,240,366,149
yeswehackjobs,18,33,366,279
zapstiko,18,2,429,115
AEMSecurity,17,25,46,42
Ch33r10,17,15619,4993,3435
GochaOqradze,17,77,100,19
J4V13RTUX,17,2382,6220,256
Magoo,17,150,613,5367
MazenGamal,17,707,19937,1675
RenwaX23,17,238,192,795
RojanRijal,17,309,139,433
TheShahzada,17,438,1320,8068
VaibhavGupta_1,17,95,991,1024
_danielyyy_,17,332,76,131
abhikafle,17,2159,576,456
appknox,17,652,20158,2812
coaIvv,17,2444,635,248
cyph3r_asr,17,721,477,102
dPhoeniixx,17,415,502,85
emenalf,17,273,269,82
fng,17,254,215,198
gehaxelt,17,90,488,1957
imnarendrabhati,17,59,179,414
k3r3n3,17,12257,8629,13765
mk82js,17,596,1011,48
neutrinoguy,17,107,128,117
nicoladiaz,17,3462,56616,5071
pentesttoolscom,17,3,596,2282
raadfhaddad,17,28,104,138
riesenwildschaf,17,1634,1450,317
shhnjk,17,627,1091,2148
warren_stearman,17,85312,20309,284
zerotoonelink,17,109,55,51
0x53gfault,16,419,149,39
HackwithGithub,16,65,3416,13080
Senas23,16,14342,8298,147
Surfrdan,16,1685,11049,712
WPalant,16,529,386,157
_julesi,16,576,238,240
ajdumanhug,16,1724,410,104
asanso,16,5592,7622,2695
egarme,16,732,540,286
gerben_javado,16,1032,145,3303
hackerbyhobby,16,2341,850,208
intidc,16,416,830,5418
iwallplace,16,1740,806,436
jungsecx,16,1066,1032,41
melardev,16,671,645,48
moodiAbdoul,16,44,92,49
r0t1v,16,1040,494,422
ricardo_iramar,16,2154,1731,320
robin7907,16,606,303,271
rub003,16,5016,292,775
sachinnthakuri,16,1286,395,454
snyff,16,769,1900,1283
stefanohablando,16,21864,280,2121
upgoingstar,16,408,1144,1715
websecurify,16,566,3988,6155
yasmintilles,16,2654,6124,1233
z33_5h4n,16,23,52,933
0w4ys,15,628,371,290
0xdabbad00,15,20739,3203,3926
AnotherWayIn,15,132,466,123
Charlie_N_B,15,888,1435,1303
Dor3s,15,1576,1291,994
Ebrietas0,15,233,98,1772
JaneScott_,15,1167,516,802
Lowebrew,15,1468,1338,317
MaverickRocky02,15,86,451,339
PriyaSophia,15,494,113,116
Rapt00rVF,15,1553,127,27
TechJournalist,15,49100,40421,72732
_Kinqless_,15,48,43,26
_specters_,15,960,547,246
adamruddermann,15,434,1301,867
anish2good,15,38,527,86
arianevans,15,6659,7196,1162
baptx,15,448,12502,439
bit3c0de,15,241,1488,642
blackb0xl33t,15,27,283,67
crisp0r,15,1199,2150,445
jmelika,15,262,532,2392
molnar_g,15,1628,720,1632
pwntester,15,189,4003,4683
r1cs3c,15,372,233,21
sethsec,15,2283,724,669
tansbey,15,386,48,266
v33riot,15,306,420,222
vdeschutter,15,554,437,199
zpring,15,1162,1600,696
0x4a47,14,3285,1407,359
Alesanco83,14,375,271,105
AsishPratik,14,50,42,40
Dien_PV,14,440,100,79
Dipu1A,14,1526,291,291
EthicalEvil,14,2055,4228,205
Ginngz,14,386,266,17
IResearch1,14,0,49,70
InterN0T,14,711,6123,2328
JubaBaghdad,14,845,189,590
PartechPartners,14,4329,8517,26497
Queercon,14,678,832,2693
SchoolPwn,14,561,244,475
Sp_L_aT,14,1275,684,172
VikzSharma,14,553,224,836
YahooSecurity,14,36,160,5424
ZephrFish,14,7512,14282,5439
akit1337,14,1899,338,102
d0rkv4d3r,14,1104,1149,201
dsrbr,14,1,335,942
iSECPartners,14,1,763,1764
kpixaba_bsb,14,1315,902,284
popat_sagar,14,784,805,506
rotembar,14,37,134,191
slashcrypto,14,871,538,268
smaret,14,1988,5276,1032
souhailsh01,14,75,70,6
sudhanshur705,14,3140,145,114
sumlac,14,314,98,1089
theRaz0r,14,426,1074,4301
vah_13,14,734,470,722
vipinxsec,14,150,168,148
vivieturtle,14,172,512,93
yoursSam076,14,166,159,2
AnkhBalam,13,5869,19744,1497
AppSecCali,13,929,1445,1968
DefenseDigital,13,621,384,4322
ITbadr,13,721,1596,123
JayJani007,13,428,125,394
KasperFritzo,13,328,123,473
NateRobb,13,104,153,86
Pouyadarabi,13,417,151,1331
Pr4th4m_Joshi,13,700,52,36
Rahul_R95,13,475,196,149
TheMuztahidul,13,357,103,86
ajxchapman,13,511,279,789
athar0x1,13,670,118,46
avanish46,13,353,27,108
bugbounty_memes,13,10,26,51
de_merckx,13,792,1205,671
houri,13,46,296,433
jpgoldberg,13,1909,11359,1621
khaledibnalwled,13,172,1704,137
kmkz_security,13,22550,12080,6046
nothingstrivial,13,353,728,806
pentestit,13,135,11823,11478
quintenvi,13,1395,91,298
rodoassis,13,617,449,2231
sn00py09468154,13,145,63,57
sprkyco,13,1312,2253,175
unfo,13,2510,6397,1297
wraggs17,13,438,188,173
0ddhawk,12,475,129,102
0mKarRm,12,241,104,92
1nf0s3cpt,12,33,79341,2072
6502_ftw,12,55666,15316,531
AbdeOuabala,12,767,183,147
FlEx0Geek,12,832,137,133
Hogarth45_ND,12,159,86,195
InfoSec_World,12,662,7497,3542
Nins3i,12,850,997,95
Palashkaibarty1,12,487,1471,65
Sahad_nk,12,1680,956,158
SecuritySampson,12,1527,1367,368
Shadow0pz,12,1077,2101,1110
StijnJans,12,128,290,297
TashJNorris,12,4157,11394,1785
Vishnu_dfx,12,118,43,655
_RaviRamesh,12,1685,1608,853
a0xnirudh,12,376,1174,2725
abh1sek,12,1584,1438,1462
antriksh_s,12,4610,5884,3068
b_elogada,12,565,538,95
blackthorne,12,3713,8993,1877
dnoiz1,12,2321,3003,945
dzonerzy,12,883,713,2680
g0tmi1k,12,5140,21506,20665
hackItGeek,12,137,107,70
ironfisto,12,117,56,104
ivdma,12,762,8310,717
jerh17,12,395,181,603
joshross_pdx,12,1609,291,509
juanch1t0,12,542,2430,251
juniorhaxor,12,17,141,134
kapytein,12,864,154,203
m3sm4r,12,8923,68114,1085
m_abdul1ah,12,319,196,166
malwrforensics,12,732,578,42
mintsecurityfi,12,77,131,104
mrgaphy,12,388,397,164
mrpentest,12,868,847,76
nader_shalabi,12,3693,3311,702
ncript3d,12,638,4546,557
prvnkumark,12,931,2821,213
ret2got,12,94,334,510
shailesh4594,12,686,93,833
skelkey,12,59,580,185
sqli4RCe,12,16,70,15
staybeyond_rckz,12,206,1945,424
tampe125,12,349,1834,425
tweetdkp,12,4,5290,227
victordorneanu,12,459,2035,1107
vikingmobile,12,49,576,188
wallarm,12,278,792,1194
what_now321,12,4864,282,17
zerocopter,12,419,355,2185
0xc0ffee_,11,2109,173,503
BenHayak,11,592,638,5777
BlancoSombrero,11,54,590,133
Chand_42,11,711,60,88
ChloeMessdaghi,11,1715,549,9965
ChrisJohnRiley,11,2906,56291,21393
ConspiracyProof,11,41,38,19
CyberSachin,11,159,762,47
Dr4s1l,11,2264,713,142
FinemOmnia,11,1373,1364,10
Hxzeroone,11,40,48,65
ItsDiarmaid,11,87,129,124
MaKyOtOx,11,639,1360,556
Medearisss,11,750,7915,406
MrOz1l,11,342,809,212
OffensiveHunter,11,73,177,151
OneLogin,11,1528,8266,15696
PRATHEESH_PPN,11,475,2955,123
PoleAI,11,227,42011,905
S4R1N,11,186,82,48
Sakib_Janjua,11,827,2440,429
SandeepL337,11,3124,2708,1369
SecurityMB,11,118,248,2318
ShopifyEng,11,499,349,2093
_R00T_,11,1413,1314,630
__Mn1__,11,66,38,574
arkadiyt,11,11377,1793,749
aye_robot,11,3919,5496,162
bef0rd,11,165,4212,462
berendjanwever,11,720,2581,6133
bhavsec,11,178,175,251
bughuntercat,11,3268,109,533
cihanmehmets,11,956,1155,935
dexterngdotasia,11,2,2953,144
fran_bl4kd43m0n,11,1066,337,173
hacker_eth,11,107,531,381
hassanmaker18,11,22677,6908,732
inCIDRthreat,11,169,286,164
judger23505340,11,90,121,6
kl_sree,11,242,148,306
lynchseattle,11,1245,11419,1732
malltos92,11,1116,719,605
mdisrail2468,11,123,219,219
mpbailey1911,11,2054,2147,1407
mskl_bb,11,385,46,24
nutronex,11,45,143,15
reefbr,11,2290,4292,417
shyam7636,11,54,93,34
simonroses,11,10899,18101,2032
sshell_,11,2989,726,1023
startmate,11,862,1749,12993
steff0683,11,1561,1260,83
techyfreakk,11,193,66,36
theintercept9,11,789,267,152
trimstray,11,1926,889,796
ufoundpalash,11,256,385,109
xorkiwi,11,9732,1574,167
y0y0n3m1tsu,11,514,232,155
yassergersy,11,347,308,1095
A7la100n,10,80,75,36
AboodNour,10,1100,3657,999
AppSecPodcast,10,332,990,846
CCSF_Cyber_Club,10,328,479,114
CarpSec,10,9180,2448,378
Chackal__,10,550,438,77
Chiragdesai412,10,182,144,28
CoryMarchand,10,1328,876,547
Disobey_fi,10,573,1158,1502
Elber333,10,1447,4028,1438
Emil0xA,10,3109,7835,848
GMRoybal_III,10,17947,6554,473
Guillaume_Lopes,10,691,5577,970
IHeartInfoSec,10,1797,272,203
JonoH904,10,312,232,193
Judy_infosec,10,384,370,357
NSentries,10,26,779,24
Santhoshvr97,10,539,618,406
SavchukMark,10,37747,2669,293
Semimitoz,10,96,29,23
SoDakHib,10,10664,2047,617
SparshMr,10,208,75,40
TomGilheany,10,274,7287,906
Void_Sec,10,743,994,1787
_DarkNode,10,688,967,310
aankitgiri,10,148,1035,587
avicoder,10,1377,437,1948
awsmhacks,10,428,375,202
bsidesdelhi,10,219,434,562
c0ncealed,10,11431,9950,3992
canavaroxum,10,576,531,292
cory_scott,10,715,1720,1274
daeken,10,708,4509,5629
ghost0x07,10,119,174,104
haiderinfosec,10,386,165,113
hvboppana,10,272,143,1042
iamprbkr,10,335,384,355
iiuusit,10,3492,566,2417
jarlinoux,10,857,1517,204
kiqueNissim,10,2379,2500,1103
madusec,10,62,682,424
netmux,10,630,578,1309
osvaldo_hp,10,3345,6219,430
p4p1lio,10,762,347,330
ravirajpowar,10,1457,195,83
scythe_io,10,1268,767,773
securient,10,1029,5187,418
securityaffairs,10,1239,203828,25965
semprix,10,484,14306,875
shantanukhande,10,1249,1352,86
t2_fi,10,529,1090,1225
werrett,10,4452,1325,528
wojdwo,10,228,930,551
1oder0,9,502,2343,90
7h1n0b1,9,378,942,306
AdeshKolte,9,62,689,86
AndrewX192,9,2665,11451,738
BegajKristi,9,11128,115,112
CiaranmaK,9,8754,12501,3181
Hacker_Sujeet,9,16,53,54
IamNitishShah,9,1486,1099,479
IamSecurity,9,239,361,503
JohnsNotHere,9,2396,1185,541
Koen_Hendrix,9,395,3491,1124
LegacionCj,9,40,152,238
ManiarViral,9,1456,1094,635
Michel_Gaschet,9,5129,9495,770
OliverSild,9,428,1124,184
Punseesass,9,383,4817,163
Sandy1sm,9,303,1227,713
Sekurak,9,450,3450,5268
Skeletorkeys,9,140,113,203
YoussefMahmO0ud,9,2124,321,316
aabywan,9,1376,642,621
addContent,9,1029,1667,128
aditya12anand,9,3927,1956,299
ahmettgurell,9,5719,2779,1691
amitsharma0486,9,184,417,86
aramosorg,9,6528,7635,3509
brysonbort,9,17189,8351,1496
bugbountyme,9,5,40,665
cha5m,9,42,48,53
crowdfense,9,128,89,380
dTwoZ3r0,9,1043,1967,277
dagrz,9,649,5159,1380
dork_matter,9,454,103,233
e_partanen,9,99,132,95
ehrishiraj,9,785,113,861
eitatli,9,1117,1598,1411
filedescriptor,9,13,734,6475
hateshaped,9,301,53,300
hintz2010,9,1489,7531,285
iR0shdy,9,149,703,81
ikuamike,9,1135,15864,1895
javutin,9,765,2523,1392
jaypatel9717,9,796,43,495
jeff_foley,9,1468,924,473
kfalconspb,9,151326,65711,25988
lothbr0k88,9,1231,3655,334
marat_aziat,9,485,491,32
mevinayshah,9,5899,4892,252
monkeybanking,9,501,216,225
nahoragg,9,127,397,88
null0x1,9,576,697,1344
proclnas,9,2763,2033,1258
rohanchavan1918,9,165,79,82
s0md3v,9,755,794,2670
shadow12_,9,1412,1253,86
silverly0,9,1790,2363,396
techawakening,9,1253,570,242
warolv,9,104,99,14
wickrfdn,9,444,1763,9194
wisporg,9,3430,2771,5696
zmanion,9,534,553,344
0nly0n3p3rs0n,8,1441,2242,169
4lemon,8,145,296,1915
AlexUlsh,8,4893,620,1004
Bru_Fnsc,8,1397,556,147
ChOkO088,8,4293,1826,655
D4Vinci1,8,1954,1056,991
EoinKeary,8,2247,10237,2413
FIC_Obs,8,168,1576,4483
HackersList,8,510,213073,4326
HaifeiLi,8,1328,7707,4563
ITChannelTT,8,1845,20462,5323
InternMike,8,170,5646,1319
Kartone,8,1732,2307,488
MukeshDhama,8,202,132,281
NERVEUxxxx,8,406,47,94
OAdepe,8,1390,421,581
PaulWebSec,8,4380,5548,4765
PayPalInfoSec,8,316,4484,34801
PradoAngelo,8,92,228,816
Psych0tr1a,8,126,311,1287
Rewanth_Cool,8,643,313,167
Rootsector,8,17184,22322,2651
SecureDrop,8,46,605,13582
SecurityWeek,8,214,25215,136701
SploitNetworks,8,3949,4754,343
W00Tock,8,2447,1187,768
_ruby,8,10656,154,1606
_ulasanil,8,2060,77,96
arunninghacker,8,5809,6314,958
babapdtr,8,28,335,124
blad3ism,8,1410,697,1015
christophetd,8,1827,8853,791
codecancare,8,76,23,673
crdavies,8,613,4558,1438
cryptoglobal1,8,55,549,94
ctfdio,8,88,175,621
dibsyhex,8,140,192,328
dz_samir,8,207,53,540
fb1h2s,8,1062,1724,6628
feixiang8418,8,210,133,80
fspychiger,8,93,822,605
g1tierney,8,77,417,144
hellosct1,8,163,9295,1013
holisticinfosec,8,1110,2097,3759
jalcantara1925,8,414,879,82
josharmour,8,1127,741,1081
justin_gardner,8,191,322,160
kkotowicz,8,1580,4697,6698
knoxss_me,8,371,353,2397
kwestin,8,3159,34252,11979
lovelydreamer,8,2253,1593,640
luminouw,8,1017,1930,110
mrhinkle,8,1967,10098,7816
myalcin81,8,693,1543,828
nlamgade,8,1212,5685,589
p3n73st3r,8,402,169,215
p_agosti,8,218,1265,437
pamoshea,8,5059,668,1176
pbrunou,8,5343,4997,1278
realphant0m,8,68,52,19
rettiwtkrow,8,6573,6976,110
saveeoo,8,378,2494,105
secbughunter,8,35,831,1522
simonuvarov,8,677,342,670
sljrobin,8,1143,1294,11239
sratarun,8,436,179,98
vishalgsoni,8,505,184,114
vladimir_metnew,8,955,267,237
webarx_security,8,2101,1273,889
yarbabin,8,413,436,1293
1235_735,7,11,83,3784
2sharmavishal,7,238,379,215
ACN_SecNum,7,47,870,682
Abdulahhusam,7,4834,2452,1937
AdrienPSec,7,46,36,14
AmanSahay08,7,333,63,12
ArkoseLabs,7,1201,1222,747
Arl_rose,7,222,2655,375
BaraSec,7,1160,852,211
Ch33z_plz,7,2081,490,676
DgLeukocyte,7,4474,1506,179
ErazerBrecht,7,1563,339,88
FluxReiners,7,296,645,2608
Force_Access,7,6241,5633,286
GlaCiuS_,7,8809,26032,895
HeardOntheWire,7,17,1024,332
HushCon,7,257,873,2101
InfoSecJon,7,2681,1252,972
JuhoJauhiainen,7,3467,4460,564
JusticeRage,7,840,1078,2355
KSZ714,7,1048,3296,1104
KartikDedhia,7,97,400,94
Kuromatae666,7,308,225,195
LeonTeale,7,52,2235,284
Mick4Secure,7,1491,656,575
NGalbreath,7,958,1710,1737
NeeluTripathy,7,1078,1743,960
NeolexBZH,7,32,63,33
NumbShiva,7,406,298,65
On4r4p,7,10496,15909,605
OsLinux10,7,68,860,53
PortSwigger,7,0,1598,16383
QGaumer,7,236,1354,197
Risker_Chan,7,1133,697,352
S0yk0t,7,279,235,150
SecureWorld,7,11737,10598,3689
Security_Hack3r,7,213,285,487
SuzeanneSpeir,7,4982,1846,666
Track2_,7,3727,2517,196
TySbano,7,335,176,180
U2w0k,7,416,1102,165
WorldUnruled,7,429,1649,162
amanmahendra_,7,762,310,90
astha_singhal,7,1645,728,844
binishala,7,767,181,1583
careertech161,7,86,79,450
ch_vasant,7,182,192,39
cschneider4711,7,1587,1403,2335
cysecforum,7,136,390,71
decidedlygray,7,3031,1448,372
dheerajhere,7,1421,483,570
dirty_tizzle,7,348,491,501
ecs_cyber,7,1896,3706,2261
enigma0x3,7,2802,4255,20721
evanbrynne,7,1822,578,305
exploitpedia,7,20,71,265
gh4d3r,7,4228,2855,704
h02332,7,7,84,1794
hardw00t,7,1171,385,368
iampuky,7,2436,1934,1298
infosecgal007,7,125,46,62
jackchou51706,7,3088,2711,775
jimio,7,1427,867,1204
jremes84,7,13871,31949,4303
justinembone,7,1477,2933,2458
kan_tp,7,2465,1243,69
kelvinsecteamS,7,0,525,371
kiky_tokamuro,7,361,175,24
knoself,7,3465,3208,539
lorenzostella,7,1619,985,288
m4shahab1,7,227,80,25
mastahyeti,7,532,1158,1012
n00bRage,7,624,796,89
nando_mendonca,7,1983,677,110
ohhnoohedidnt,7,227,673,374
omer_gil,7,1491,189,975
osmio7,7,1045,6518,439
ovh_dlp,7,3544,2136,2983
phabricator,7,1233,680,5657
philophobia78,7,2400,1584,343
ppoojaa22,7,22,34,9
r_netsec,7,23,8582,25230
rahalm16,7,13,60,153
ranjith_menon16,7,397,395,242
rosako,7,8438,7919,987
salisi_headhunt,7,1042,1234,231
sanjogpanda,7,205,1086,316
sean_martin,7,8783,11334,4518
sec_reactions,7,16,2517,10780
shah_sheikh,7,0,5239,49
shell_ock,7,866,1154,650
th3_3inst3in,7,265,1660,159
thehackbr,7,70,883,658
threatbutt,7,1971,1240,11131
touhidshaikh22,7,92,234,262
wireghoul,7,5648,9453,2282
0pini0nsMatter,6,131,1266,33
0xEval,6,295,265,44
0xSobky,6,1276,350,699
0xddaa,6,1523,2498,589
3yed_4bbas,6,202,198,39
5w0rdFish,6,1969,1344,1292
Aish_9524,6,279,142,138
AnasIsHere,6,158,52,1304
AroraMinali,6,325,216,233
B_Z_Hash,6,44,22,117
BrianDNeely,6,132,246,98
CLTCBerkeley,6,657,1460,2123
CMoulinSchwartz,6,1446,1014,1399
DamianEbelties,6,199,62,147
Daniel_Abeles,6,345,249,226
DhiyaneshDK,6,1707,288,76
E_Caprioli,6,49,111,339
GouveaHeitor,6,2973,328,138
Hackira_,6,505,3215,523
HexpressoCTF,6,199,324,1626
HighSecureLtd,6,281,64,72
ICMCP_ORG,6,499,2119,1488
JLLiS,6,775,102,432
JohnTroony,6,5758,8946,1805
JuliaJuvigny,6,144,567,127
Julien_Thomas,6,47,320,58
NetlabsFr,6,172,732,4
OCTOTechnology,6,1881,8283,8396
OVH_Nicolas,6,2425,11224,1886
PentestAfrica,6,627,338,79
PureVPNcom,6,82,273,610
QuintenBombeke,6,153,46,33
RSKsmart,6,943,1197,29162
Sagarvd01,6,30,271,62
SandeepNare,6,2625,2811,274
SecuAudit,6,109,48,249
SecuritySura,6,1402,598,91
UnctusM,6,285,1212,80
WisecWisec,6,1462,3767,5575
WorldlineFrance,6,1349,2085,1349
Zerodium,6,0,97,13544
___c3rb3ru5___,6,470,529,147
_bayotop,6,316,261,311
_s1H_,6,84,794,240
adamridson,6,78,211,99
amlnspqr,6,71,152,30
aqibshah,6,234,2247,185
asishinfosec,6,15,211,61
backdoor_101,6,278,60,7
bastianwelfrid,6,221,49,297
bbbbbwu,6,81,46,5
beist,6,214,3564,7716
berensjan,6,1386,870,123
breenmachine,6,267,405,1632
brian_warehime,6,3710,3448,2393
by6153,6,142,93,140
cechv2,6,6774,5271,4941
ceci_here,6,261,134,70
cedricfanapoo,6,1741,1014,1068
cezerisga,6,314,453,2164
cintainfinita,6,9648,8815,2053
cylanceinc,6,15992,24053,17297
cyriseco,6,512,369,492
dewhurstsec,6,19,418,256
fuzboxz,6,665,451,159
geekshiv,6,183,111,58
georgegerchow,6,2692,2156,1249
grit_hofmann,6,344,910,873
iMeluny,6,27601,26698,5517
imsmartinc,6,3791,35359,2132
intx0x80,6,559,508,1038
itsC0rg1,6,2795,1721,464
japi999,6,1222,16080,2225
jeancreed1,6,20771,34283,1047
jsantarsieri,6,400,275,165
kapitanpetko,6,2525,2590,2021
kenjoe41,6,156,615,49
kgosschalk,6,144,391,301
majjamamj,6,203,29,31
michenriksen,6,3142,2466,2279
msftsecresponse,6,164,1319,110831
mskwsky,6,111,26,781
mussler,6,1121,143,370
n_e_m_e_s_y_s,6,0,30594,430
ninsuo,6,122,166,154
nono2357,6,16520,28901,4248
nuria_pp,6,45555,41081,2159
pathetiq,6,4647,7912,2217
peternguyen14,6,639,563,519
picasso_999,6,13,439,88
pwnsdx,6,10708,8742,5145
raffutz,6,48,3060,364
ratherbeonline,6,337,66,498
ryHanson,6,1905,2301,5795
sarwarjahanm,6,51,87,167
sec_9emin1,6,9,261,70
secalert,6,1300,492,1506
secnight,6,15544,39342,28058
secresDoge,6,817,876,279
siberdrone15,6,163,60,429
sjzaib,6,280,15920,819
swachalit,6,0,826,385
sweetbridgeinc,6,785,1389,4579
sz4rc14n,6,42,137,30
thibeault_chenu,6,165,117,23
tompohl,6,877,5832,1074
u_ahmedofficial,6,369,1598,143
vinayendra,6,117,100,314
w_levin,6,1932,2957,752
witcoat,6,46,21,333
xavbox,6,3,3638,1207
xerosecurity,6,36,54,212
xnwup,6,31,62,72
yuyangchow,6,64,93,19
zanelackey,6,947,346,4853
0grexxx,5,249,1024,255
0x0sec,5,8646,1297,697
0x4d31,5,2451,1031,920
0xHyde,5,215,74,443
0xpr1v8,5,0,355,100
424f424f,5,7106,7585,6807
A_Burak_Gokalp,5,1132,288,302
AffableKraut,5,5954,371,88
Anakondantti,5,2611,821,513
AngeliqueMieske,5,22,294,23
Apostlehax0r,5,74,177,52
BugBounty_Fail,5,5,22,239
BurnoutBLU,5,7816,8740,3115
C0axx,5,2510,1018,536
CCSE_Paris,5,54,230,81
CLUSIRPACA,5,217,1406,1317
Chapakpuk,5,120,24,55
CoinSecPodcast,5,104,308,459
CryptoZonee,5,383,6122,632
D_Athanor,5,85,479,104
FireH7nter,5,536,3306,278
FullHeadOfHam,5,1800,826,89
GhosYet,5,267,213,63
Ghostx_0,5,4,619,207
GitHubSecurity,5,36,105,4843
GuifreRuiz,5,561,649,779
Haaxmax,5,1551,518,336
ICOVOCO,5,91,273,13014
InfoSecPS,5,5535,12161,1995
IsraelThomas_7,5,1422,759,217
JGamblin,5,1,56130,11699
JamesConley,5,4335,29183,750
JulienLevrard,5,81,176,188
KacperSzurek,5,6,255,1108
KatrinaDene,5,67,2359,280
Lord0ftheWar,5,4875,8648,13156
Majin_Boo,5,94,4624,487
MichaelInfosec,5,197,778,1031
MikeLandeck,5,2036,1372,1574
MrBrutti,5,4028,6599,527
Mr_pwn,5,176,765,112
NetSecureDay,5,352,587,742
OWASPBangalore,5,214,2457,1735
OWASPHelsinki,5,72,149,670
OWASPMelbourne,5,455,411,807
Pentestit_ru,5,30,988,1645
RB256,5,1746,576,255
Romanshyadav,5,799,307,97
SeanTMalone,5,452,576,469
SecArmy22,5,822,816,8842
Stoffel_KT,5,36,27,11
T1l2L3n,5,17,826,101
TestNieuwsNL,5,1,2173,497
TheManyHatsClub,5,729,999,4671
Tinolle,5,57314,51706,3129
V3ded,5,267,790,462
ZeynepMirayy,5,402,1047,216
_0xUKN,5,1064,130,57
_NurSec,5,374,82,228
___Sh4rk___,5,3052,1779,1389
adam0thman,5,1924,18472,510
agent0x0,5,425,7364,10648
amalmurali47,5,214,2021,541
apps3k,5,229,153,38
avkashk,5,5098,2133,1005
bhashitpandya,5,1015,1323,552
bubblewire,5,8162,5286,1880
cmscardoso,5,151,213,123
coalfirelabs,5,164,248,1241
codersanjay,5,73,51,60
coffeetocode,5,1074,2316,1509
d0tslash,5,14592,39475,3536
d0znpp,5,1230,8180,4313
d_lec,5,35,1900,1304
defconparties,5,1525,2788,21522
devilok,5,2,9311,2233
dimazarno,5,363,738,179
dizzylol4,5,5775,1319,269
eSecHax0r,5,106,54,55
ekoparty,5,2325,3298,10792
emolenaar7,5,453,39,43
erdem_kayar,5,507,1695,840
finnwea,5,442,892,925
fletchto99,5,885,913,180
four,5,676,2474,1841
fr0sty__,5,7112,1927,46
g0dflux,5,436,1848,259
httpsonly,5,128,52,1055
infovyss,5,62,79,178
iso_saygili,5,2631,3284,3960
itsRajivShah,5,942,606,752
johto1989,5,8,711,378
jonobacon,5,6176,20242,23387
jpgaulier,5,2116,23284,974
jsploit,5,1736,174,225
kaushal_k,5,17081,4607,447
keson66231922,5,0,37,1
kev_abuhybrid,5,1130,732,53
kobsoNinja,5,9,72,78
leo_c_lin,5,457,45,28
m_aty,5,83,839,148
makash,5,5297,15849,4619
martin_vigo,5,721,841,1020
matt_presson,5,43,5013,592
mhamed_kchikech,5,64,21,104
michaelsmyname,5,2964,8588,87
mlgualtieri,5,561,1265,252
mmdrubberduck,5,5,22,4
moixsec,5,188,5864,29522
momomopas,5,995,971,147
n8zwn,5,1439,1131,257
naksisan,5,460,1574,821
nchlgpt,5,608,392,819
niiconsulting,5,71,610,1337
nilssonanders,5,478,7768,11435
nullDelhi,5,2,219,417
openexchange,5,1367,8814,3443
orange_8361,5,2336,398,8127
owasppoland,5,91,283,517
pavanw3b,5,285,169,363
prajalkulkarni,5,457,394,609
prasad_salvi,5,11356,25530,762
pratik_ghumade,5,360,459,178
pwnchief,5,388,152,31
ruehsen,5,1272,1017,86
ryaneaste,5,2272,1574,579
s4t4n_PH,5,4826,8135,338
samsepi0l_0d,5,2407,387,64
seanyeoh,5,594,107,201
smii_mondher,5,525,431,319
steventseeley,5,1516,310,6777
swaroopsy,5,372,284,549
tehEx0dus,5,7168,18602,1008
theempire_h,5,2295,970,245
thomasv_voorst,5,650,69,31
through_cyber,5,270,103,39
ticarpi,5,276,327,226
tprime_,5,192,645,458
truneski,5,532,14920,621
twittersecurity,5,0,82,33810
yehgdotnet,5,136,152,224
zate,5,15244,11658,1793
zfasel,5,924,664,3092
00xg3n,4,355,4640,139
0daylabs,4,18,38,391
0x0pmort,4,463,170,192
0x4148,4,209,149,1044
0x4A6448,4,70,75,1086
0xEdward,4,117,24,140
0xGradius,4,20343,25580,7727
0xJDow,4,308,352,116
0xff7,4,23492,11885,2559
18F,4,1978,3966,31088
ArthurSaftnes,4,125,409,45
AsrcSecurity,4,11,79,492
BSidesPDX,4,376,474,1421
BelevgEvgeny,4,3190,24264,2765
CRESTadvocate,4,700,2179,3975
Capitan_Alfa,4,536,835,572
CharleneLong95,4,2,288,43
Cl0ckW3rkSec,4,910,302,160
ColoComputers,4,57,697,61
CryptonApps,4,750,1268,245
DMBisson,4,1953,10667,13521
DanRubins,4,1494,1175,1242
Darsh_76,4,53,615,66
EdGtslFcbngq6sk,4,10730,17744,375
FlorenceAtNight,4,12515,9238,3876
FrenchTechCF,4,231,414,1489
FryOnSecurity,4,7435,15631,1177
GbhackerOn,4,234,2428,2956
Gh0sthLecter,4,106,2482,336
GianniGnesa,4,213,264,572
GoldPhishCyber,4,133,528,334
GraphX,4,357,651,213
GregDogUK,4,437,346,131
Hakin9,4,3207,15758,15895
Hi_T_ch,4,6260,24468,2058
ITSPmagazine,4,18344,24948,13259
IncludeSecurity,4,17,131,1317
InfektionCTF,4,1363,428,130
JPKleinhans,4,370,778,437
Jerry_Nav,4,1910,2947,124
JosephBialek,4,30,987,2490
MARFORCYBER,4,603,309,1180
MantisSTS,4,1143,1388,399
MarcoCiappelli,4,23953,25673,16707
Mobile_Sec,4,137,1124,3599
MrMeterpreter,4,226,189,104
NCCGroupInfosec,4,7736,4983,8982
NOPcon,4,37,582,1750
NaveedHamid,4,83,1320,118
NixuTigerTeam,4,357,1351,2294
NoordGroup,4,247,1091,292
NotMyThingy,4,491,245,118
Nullblr,4,406,922,2001
OPOSEC,4,8,771,155
Owasp_Morocco,4,66,74,170
Piertonio,4,152,8569,107
PrinceAlexis_,4,6556,1420,333
RobertWinkel,4,1873,8866,1802
RyanDeveloping,4,23222,101,28718
SecarmaLabs,4,486,573,1614
SecretlyHidden1,4,79,43,235
SecurityCrap,4,1,13324,191
SimonRWaters,4,5238,6491,295
Sneharajguru,4,469,721,1292
SparkleOps,4,4620,6943,1087
SpectreAI,4,123,752,6475
StChantal,4,761,3396,238
TheCyberViking,4,83,393,6572
TimHaines,4,66125,64047,5834
WeldPond,4,2918,22287,43540
ZenkSecurity,4,340,1195,2664
ZetaTwo,4,7115,3017,1148
_balachandhar_,4,58,131,22
_dc151,4,235,308,674
_e0gr,4,487,130,33
_ninostephen_,4,2855,511,110
a_table_game,4,209,136,1089
acervoise,4,49,2943,277
acunetix,4,46,1258,5944
al3xb85,4,1320,484,44
alexstamos,4,1209,1785,41598
ali_alwashali,4,481,1914,2887
andr3w_hilton,4,3519,1921,774
anthonymfreed,4,3934,82646,4488
antunesdennis,4,105,192,873
arphanetx,4,12835,7956,624
artem_smotrakov,4,257,106,97
artsploit,4,219,45,2042
asdizzle_,4,0,2002,1227
asintsov,4,692,4293,3238
bdpsecurity,4,585,1636,1034
bishopfox,4,5685,3383,6252
bugbountypocs,4,11,27,510
bullz3ye,4,483,1769,499
cceresola,4,206,3870,299
chaddewey,4,2284,487,149
chiragsavla94,4,5050,2451,275
chmodxx_,4,3207,7235,4382
cjchestnut,4,7772,12382,782
cmp_rax_1337,4,68,164,45
collinrm,4,8165,14546,8623
cryptochai,4,3449,1277,362
cyberhawkcorp,4,4091,633,1210
cydefe,4,426,5221,1198
d_lassig,4,954,117,45
darknetguy,4,2783,512,47
dcskytalks,4,36,1339,3967
ddouhine,4,801,2138,1295
ddworken,4,29,22,251
deepsec,4,151,2218,3203
di993r,4,2,4630,80
digitalticks,4,9,176,2843
ecbftw,4,239,494,536
eric_rafaloff,4,1614,2210,360
evildaemond,4,5242,1556,312
faisalelino,4,16,3006,174
fbsecurity,4,2,475,5022
felixw3000,4,0,2493,475
filip_dragovic,4,323,241,344
fjreis,4,783,496,372
funani_n,4,2199,395,278
gaissecurity,4,61,77,1086
geek_coder,4,683,148,22
godjackhoo,4,9,154,19
guhe120,4,9,94,2448
h4cktimes,4,397,717,3413
harshafriend4al,4,19,32,225
hkh4cks,4,690,250,146
hongyihu,4,280,137,101
hosselot,4,1203,1390,1947
hvcco,4,8027,20854,1224
iamsonidarshan,4,882,2653,257
iara0z,4,889,4231,538
jakerella,4,1067,16571,1544
juliocesarfort,4,10750,7626,1658
jupenur,4,2063,2095,1082
justinsteven,4,943,4643,3201
k4b00m,4,3288,903,224
kage_tr,4,133,94,101
karthikbhata,4,710,327,56
kaviarshan_kk,4,127,493,40
kayachnn,4,207,43,23
kinugawamasato,4,960,1275,7192
ksanchez_cld,4,365,1157,203
kunwaratulhax0r,4,1003,1847,272
kylekyle,4,645,993,261
malerisch,4,900,2084,1549
mattallen,4,10866,46645,5050
mdowd,4,1578,7411,24797
mirfansulaiman,4,215,37603,754
mitm3r,4,40,87,60
nagy_craig,4,2084,303,76
nani1337,4,142,63,191
nd4pa,4,888,717,147
nemux_,4,1056,524,221
nickschroedl,4,15,1341,153
nisagarw,4,195,97,154
nwalsh_sec,4,111,84,328
open_ctf,4,102,303,1109
ov3rlo4d,4,307,655,69
owlbelief,4,320590,250216,3736
pH48181,4,12878,18071,383
panksL,4,130,69,17
pello,4,141,3284,1408
ph055a,4,404,908,349
pingsns,4,252,239,310
psillanp,4,559,1645,630
qazbnm456,4,49,257,108
qberdugo,4,49,230,105
r0x33d,4,1201,63,649
reactors08,4,33,27,252
rebootuser,4,2724,2014,1091
rfchacks,4,9125,2072,1660
roughwire,4,100,30,52
s3cdev,4,6552,354,650
serhack_,4,2908,278,1901
shellradi,4,176,160,143
simps0n,4,1885,3284,775
skorov8,4,121,238,161
soymjolk,4,7218,896,41
srini0x00,4,394,330,775
stefan_frei,4,2891,9341,1075
surajraghuvansh,4,112,219,94
tamzac,4,920,1540,50
theblocksec,4,35,162,70
thebuckhacker,4,26,30,1226
truly_secure,4,593,9967,7839
ucarozan,4,1459,2538,2670
val_brux,4,666,754,865
vortexau,4,9219,3870,1550
w3bghost,4,23,136,77
xSecLabs,4,337,445,2485
yeahhub,4,744,802,1722
zanteskuan,4,317,1589,76
zaproxy,4,4,414,6146
zeifan,4,5237,6242,547
0dayMarketing,3,1059,239,792
0v_hell,3,261,189,893
0x82,3,290,141,1573
0xHunter,3,79,1702,2668
0xInfection,3,1007,272,86
0xpatrik,3,245,86,1023
1v_an,3,196,192,69
3XS0,3,2512,549,2018
44CON,3,609,4418,8798
AHGaon,3,3660,1019,505
AndreGironda,3,1091,10106,1564
AndrivetSeb,3,339,1547,518
AndroidTamer,3,19,2148,1457
AppSecure,3,34,49,135
BabajiKaHack,3,11,29,5
Balgan,3,127,19792,1718
Bancor,3,1681,1963,75763
Blaklis_,3,25,87,707
CSecretFuturist,3,0,45,14
CarloPorcaro,3,502,6170,645
Ciph3r00t,3,88,66,290
CoreyD97,3,344,250,390
Creased_,3,2412,3258,742
CryptoSmile,3,7520,9171,1747
CtgSabrina,3,18448,19273,3235
CuPcakeN1njA,3,254,100,222
Cyruxnet_ciber,3,542,4417,296
DHAhole,3,5169,1830,1276
David3141593,3,324,590,2383
DayOfShecurity,3,542,210,826
Deco_Network,3,72,221,14513
Digital_Cold,3,1257,764,616
DistriNet,3,113,289,291
EBreeeen,3,620,2442,98
ESETLA,3,19388,34118,23154
EduardKovacs,3,110,24378,12446
Edznux,3,5715,1333,44
ErezYalon,3,160,225,241
FlorianGainza,3,80,215,59
GardaSiber,3,406,1252,1229
HabemusCurso,3,5361,9211,7353
HackToProtect,3,2855,1513,1634
Hack_All_Things,3,115,50,92
HackersHelping,3,81,233,1685
Hackers_Academy,3,166,929,502
HelloIAmLuca,3,9272,8059,110
Herve_Schauer,3,581,1891,4458
ITP_English,3,131,19745,3252
I_Fagan,3,10,34995,2618
ImSho47,3,503,189,67
Indrajeet_b,3,1562,2598,570
InfoSecComm,3,43,24,211
Intel80x86,3,178,135,686
JAX_MASTERS,3,17401,60333,378
JCI_SecuritySME,3,186,17597,752
JJavierOlmedo,3,740,5639,805
JackkTutorials,3,78,1206,1620
JacobyDavid,3,1124,1060,1750
Jon_Shapransky,3,671,439,229
JulieKuhrt,3,1429,390,225
Justified_Salt,3,480,129,787
KPMG_DE_Cyber,3,101,606,281
LaconicWolf,3,320,299,745
MTGreen_InfoSec,3,131,289,30
MalwareTipscom,3,226,5186,4538
Mateusz_Jozef,3,3103,4214,1037
MikaSusiEK,3,1137,1841,616
MikkoVastela,3,174,62,144
MortoDev,3,17557,10857,192
MrAlvares97,3,334,852,10
MuhaddiMu,3,509,90,388
NataliaW,3,800,1888,1377
NateTheRiver,3,60,37,18
NedWilliamson,3,1536,729,6087
NetXP_Official,3,17,336,179
NicolsonBray,3,295,3916,5338
Nitmalviya03,3,751,519,285
NotTruppi,3,801,9306,982
NutanKumarPanda,3,44,562,779
OSSIRBretagne,3,0,50,88
OnlyAMedic,3,957,791,226
PVynckier,3,26388,78808,6262
PascalSec,3,193,109,19
REal0day,3,1707,2272,483
RatedG4E,3,150,228,517
ReconVillage,3,24,254,2212
ReneFreingruber,3,902,1847,1892
Rodrigo93607083,3,53,116,14
RomainLavault,3,680,1798,4848
RunBGP,3,494,158,1069
SatelliteFlite,3,16,21406,456
ScottyBauer1,3,782,591,2217
SecWonk,3,900,8320,1303
SecuRingPL,3,52,390,457
SecureLayer7,3,431,453,2165
SecureMilan,3,330,768,403
SecuringPHP,3,0,1381,2597
SektorROM,3,1269,527,180
ShargonXL,3,4904,3375,885
SilentBreakSec,3,163,1222,1708
SnowGlobe_io,3,77,322,51
Socialolio,3,1710,59787,4722
SolidifiedHQ,3,102,88,1249
StegoPax,3,517,5339,4582
Swaagie,3,162,936,447
SydneyTesters,3,195,637,575
T0w3ntuM,3,571,556,432
TheCoFoundry,3,596,445,693
TheParallax,3,263,607,1258
TypeMRT,3,330,728,326
UVarikkottil,3,255,37,27
Websecio,3,0,603,173
Wir3GhOst,3,520,269,69
Y0no,3,348,1831,439
ZawadiDone,3,3075,1563,531
Zeb0inas,3,931,523,137
Zeecka_,3,1609,425,374
__muscles,3,3243,2094,1021
_razybo_,3,66,87,175
_rbkch,3,919,416,10
_titon_,3,437,599,411
abhijithbr,3,2154,489,267
aetsu,3,1525,7083,925
alfredwkng,3,1239,2121,1914
alisaesage,3,2098,2603,9486
alsmola,3,2087,1347,1389
am0_oma,3,13320,12409,190
ankit_appy,3,127,7546,488
anne_smits,3,434,1181,504
aricperminter,3,9,808,313
arturjanc,3,935,869,837
aswinmguptha,3,1099,498,208
attackd0gz,3,762,408,140
b4nhm1,3,1794,909,246
bartblaze,3,3674,39348,12357
bconklin_,3,1041,355,201
berkcgoksel,3,1554,780,485
berkdusunur,3,1710,570,341
bernardomr,3,937,1026,1097
beuchelt,3,219,10192,366
bhargava_ms,3,657,1547,291
bigbadbo_,3,363,231,114
binitamshah,3,124,27543,58043
blacktip,3,1111,6818,735
briankrebs,3,1881,14176,237142
bsidesla,3,345,1125,1763
canyoupwnme,3,245,633,2947
carlo_valentin,3,596,1158,112
cavedweller64,3,617,327,253
cchabanon,3,623,1665,549
chaignc,3,746,1563,1493
chkconfig,3,28255,783,3210
curlcommits,3,0,8593,35
cyber_ladies,3,975,403,889
cybersecstu,3,27893,15220,8856
cymtrick,3,60,34,49
dafthack,3,1635,2577,6954
dandr3ss,3,1959,1922,190
darksh3llGR,3,103,1814,170
datasploit,3,31,315,1642
deep0x00,3,606,278,98
defcon201nj,3,22514,16543,1571
defcongroups,3,123,526,2946
dev0x01,3,1116,266,148
devleaguehawaii,3,542,893,990
dhanesh_k,3,1,449,1264
dontlivetwice,3,43,113,208
drgfragkos,3,3226,6941,1970
dustin_childs,3,89,2517,960
egeblc,3,2018,884,752
elk0kc,3,84,22,21
ellwoodthewood,3,527,680,274
esecure404,3,42,70,18
esizkur,3,135,8688,8083
fabiopirespt,3,387,116,478
firya1988gmail1,3,471,313,154
fjvva,3,817,930,1020
formogic1,3,21,150,200
francisacer1,3,8654,3393,115
gedigi,3,398,946,802
girl17_shy,3,319,1089,88
goodbestguy,3,45,127,144
gowthamsadasiva,3,9198,10567,661
gunjan2307,3,95,620,1242
hackaflag,3,64,6006,497
hackison_,3,21,80,57
hahwul,3,154,473,84
haxel0rd,3,190,152,235
heeeeen4x,3,351,857,244
heisec,3,2,12684,96723
hexachordanu,3,302,1882,451
hkashfi,3,3531,5963,2063
hlongwanedm,3,362,332,126
honoki,3,2212,5657,457
horyn,3,436,5157,792
ilektrojohn,3,983,7415,2176
inbarraz,3,8613,1306,1594
indianhacking,3,0,2337,1357
industrialist,3,91,1407,255
infosec_ebooks_,3,0,13037,105
infosecjerk,3,460,5417,16030
insertScript,3,6091,1542,3921
isox_xx,3,230,3269,974
jaideep_jha,3,1734,317,100
jasontburns,3,511,2694,848
jayeshmthakur,3,1111,27058,680
jersalamon,3,2728,1028,315
jmlaurio,3,23042,22993,2113
joaomatosf,3,215,205,423
joegadgetsman,3,200,644,52
joernchen,3,8859,15682,5207
jonpulsifer,3,1733,616,490
jonsakoda,3,687,589,3835
juanurss,3,238,354,454
kanishksajnani,3,323,152,1804
katch2sid,3,1216,3527,1134
katiewyslocky,3,5872,514,582
kyberykset,3,62,99,500
lacerenza_fra,3,2067,823,204
m8r0wn,3,241,190,83
madhuakula,3,1340,2001,1518
malanke,3,130,767,83
malwaresick,3,452,1560,11
marcmaiffret,3,220,1093,3342
martijn_grooten,3,33852,39237,7042
mateuszplatek,3,4017,851,54
misahkbai,3,263,876,69
mjboschini,3,174,749,34
mkolsek,3,8601,10533,1869
mludwiszewski,3,1870,696,445
mohdaltaf163,3,133,49,138
nanosec_asia,3,19,182,122
nbs_system,3,398,4190,2679
ndm,3,4017,11260,1949
nickmalcolm,3,3328,6584,734
nightwatch1337,3,34,84,31
norsec0de,3,1354,2151,2175
nspirememusic,3,41,45,25
obscuresec,3,2513,9280,9505
orville_dillon,3,11,54,31
p3t3_r3c0n,3,9261,23090,1156
pentestblog,3,219,160,1703
perr0r,3,87,2687,294
phackt_ul,3,243,298,659
pierre_barlet,3,757,310,48
pipefish_,3,500,955,1100
pjhartlieb,3,44,10446,604
prebenve,3,882,54,446
pulsoid,3,5119,1240,455
pzubu,3,1726,1829,290
rachitG8,3,135,96,56
raiden_network,3,46,132,24455
rana__khalil,3,491,156,70
rawsec_cyber,3,193,189,148
realgam3,3,1000,323,492
regilero,3,147,848,299
rnarang,3,146,3137,1155
robertauger,3,2288,15691,1013
rogue_kdc,3,492,244,880
rohitcoder,3,115,76,354
romainesilva,3,667,960,258
rxid09672,3,2799,441,100
ryanwendel,3,686,508,180
s0urc3c0d3err0r,3,64018,56937,2151
salazarhackeur,3,6,1338,261
sauware,3,273,281,62
secfarmer,3,45291,15965,546
securityledger,3,224,9411,3904
shellfail,3,201,166,174
shivankarmadaan,3,255,77,72
shreyapohekar,3,105,58,127
snyksec,3,480,1855,4256
spontiroli,3,8517,5703,3027
sshivasurya,3,848,3234,449
swisscom_csirt,3,196,105,758
t3kn1cs,3,484,642,241
tagnullde,3,9464,42397,1059
tdp_org,3,2495,6194,611
telaouadi,3,45,181,91
theKos,3,1560,9119,4487
theavatao,3,258,528,441
tietoturva_ry,3,28,554,1210
tihmstar,3,1862,11887,38568
unix_ninja,3,15847,10895,2648
vahidnameni,3,2499,1936,554
virgil_cj,3,1096,97,126
virtualabs,3,322,6232,4011
vishne0,3,35901,127461,4382
walokra,3,1202,3575,447
worthitankit,3,599,161,16
wscsf,3,536,568,591
xtian_kisutsa,3,4566,7024,1130
yourXss,3,74,373,79
zbetcheckin,3,53,517,604
zirkkam,3,334,2642,175
zk34911,3,526,173,33
znjp,3,1062,1978,687
0katz,2,1821,9371,1817
0x6d616e69,2,2414,18060,482
0xAbdullah,2,1073,4090,2404
0xB455,2,37,547,167
0xboogy,2,1300,4208,376
0xluk4,2,161,85,840
0xtf,2,18,3745,323
1337secur1ty,2,117,461,148
1njection,2,4188,1544,772
1oopho1e,2,27,335,88
2NS_fi,2,139,425,280
5up3rD43m0n,2,228,220,106
8dot8bolivia,2,121,484,564
ACKFlags,2,5332,30059,10053
AMPeters06,2,7325,2320,1115
AdmV0rl0n,2,5134,24056,667
Ahmed_ASherif,2,714,4691,386
Al3l0k1,2,335,400,39
AlmondCats,2,2723,726,1071
AmineCherrai,2,1112,149,1417
AnDaolVras,2,3387,5947,5085
AngusRedBlue,2,511,670,276
Anne_Oikarinen,2,1321,324,163
Apl3b,2,639,388,43
ArcherySec,2,319,170,328
Arhamfikri,2,11493,18297,3906
ArkaAnonymous,2,1326,1818,114
ArroundPlatform,2,107,483,4305
ArsTechnicaUK,2,2,20570,12116
ArtsSEC,2,280,1380,583
AudSec,2,542,110,684
Avira,2,1385,10285,20297
B00M_s1ang,2,1960,1033,516
BLOQspace,2,9967,6418,1175
BLeeJones,2,49075,9850,2299
Babiel,2,191,280,209
Berublak,2,2899,7983,40
BillBrenner70,2,474,32163,17338
BlaBlaCarTech,2,153,669,1666
BlackhawkCyber,2,4435,53494,989
Blurbdust,2,281,770,190
BsidesPe,2,119,186,150
Bucio,2,3255,1434,9708
BugBot4,2,118,44,57
ByTncXP,2,330,511,56
CSI_Podcast,2,44,431,548
CTSPBerkeley,2,177,230,485
CYBERSECEU,2,1164,2196,2643
CallistoNet,2,38,262,646
CallistoSupport,2,725,831,7560
CaseyCammilleri,2,569,423,669
CastonPerla,2,1513,1290,7631
CentralCrypto,2,909,7895,4519
Ch_BARRAND,2,177,729,201
Corb3nik,2,489,153,981
CorpFilmingUSA,2,2384,5261,950
CyberD_B,2,1664,13650,8591
Cyberarms,2,57244,39181,8828
CybersecuritySF,2,498,6484,8936
DarthNull,2,3152,37366,3516
DataSecuB,2,161,4251,6493
DavidLebr1,2,3288,400,296
DecipherSec,2,137,345,2403
DigitalEmpress,2,79887,67117,2487
Dinosn,2,72,34179,22456
DisK0nn3cT,2,2055,5401,2191
DocteurSQLi,2,28,64,159
DodioDodioz,2,22,30,4
Dotvn1,2,31866,19723,204
EricaZeli,2,1866,296,431
EthicalHacker64,2,19,54,64
EverdreamSoft,2,208,1867,708
ExecutiveGov,2,136,19673,3714
FahadmIT,2,486,384,413
FlatL1ne,2,8194,15814,746
FlyingLawyer,2,2475,2370,146
Forensicxs,2,512,388,215
Fox0x01,2,7360,2310,41547
Galactic_Master,2,188,190,140
GeekPwn,2,224,214,1276
GenevaDUG,2,361,327,216
GillesBIANNIC,2,796,769,218
Gillis57,2,319,24594,2418
Goddosupido,2,11,262,1665
HackF0x,2,738,262,175
HackerSpyNet1,2,23,5724,153
HackersDoor,2,2,141,505
HarleyGeiger,2,3,3918,1513
Heinzarelli,2,1079,3398,4540
Hitesh_InfoSec,2,474,617,211
HudelC,2,355,483,273
IAmMandatory,2,5632,3150,3717
ICITorg,2,1205,33972,5248
IhechiOkere,2,440,1827,165
IndianCyberArmy,2,159,2128,7821
InfinityEx1sts,2,3134,1755,4746
InfoSecMouse,2,29,393,678
Infosec_City,2,80,277,322
InfosockPuppet,2,28713,1389,3272
JFran_cbit,2,1100,2512,643
JReynoldsDev,2,510,796,265
Jackk1337,2,3450,7615,1606
Janet_LegReg,2,294,8187,1389
JanneFI,2,12489,11388,2770
JayKaplan,2,121,123,1301
JohanRMoller,2,2490,6298,1516
JoshMoulin,2,9,1024,271
KajPaananen,2,187,829,203
KallesGroup,2,478,7705,4619
KonstantHacker,2,1870,10054,2064
KseniaDmitrieva,2,1516,1755,1436
LargeCardinal,2,45052,37414,4065
Larppa1337,2,240,66,209
Laurent_Perche,2,606,26288,8516
Le_Cercle,2,142,3586,3286
LeggieCraigie,2,52,70,75
LennertWo,2,188,69,143
Lino_Network,2,248,156,78939
LynxPartners,2,26683,857,2670
MSEdgeDev,2,299,2691,63194
MSoltan27,2,1358,319,135
MaliciousInput,2,217,404,1862
MarkMilani,2,13,197,158
Marmusha,2,2539,4641,2465
Meta_Ashley,2,882,685,781
MlleNuitDebout,2,6671,8454,340
MrEgcs,2,161,177,36
MrsBufferworths,2,122,62,238
MyMymechanic,2,2098,422,60
N0k0An0nym0us,2,1293,2002,93
NaidooNet,2,11,6304,462
Nikhil_Rathor,2,64283,74848,657
NixuCDC,2,33,889,384
NiyaScript,2,114,248,157
NoS_ebooks,2,0,2048,16
NoobieDog,2,11110,5650,770
NoxOner,2,1376,6890,1204
NoyPearl,2,979,242,68
OWASPdelhi,2,4,225,423
OWASPiGoat,2,115,99,468
OwaspJakarta,2,83,408,188
PatrickMcCanna,2,3693,4636,969
PaulM,2,44189,1887,3064
PaulMarks12,2,210,11406,4421
PentagonPresSec,2,80,3772,112362
Phortitiude1906,2,529,92100,1072
PlanetHoster,2,628,2876,7498
Poddingue,2,2609,1672,114
PolarToffee,2,21896,6704,9134
PrashSiv,2,104,467,194
Qbitsecurity,2,209,735,399
RDSWEB,2,291,178627,5288
RedBlueSec,2,87,229,318
Reddit_IOTA,2,1,6594,7799
RomainKraft,2,513,254,207
SPCoulson,2,7618,40887,3005
SarahDVictoria,2,2506,1569,133
SebGarnault,2,637,4024,753
SecBro1,2,2825,2525,688
SecDSM,2,190,459,978
Sec_Cyber,2,1,188982,11532
SecurityL1st,2,182,7011,5126
SecurityNewsbot,2,2,181421,11032
SeineInnopolis,2,46,243,1683
ShielderSec,2,118,243,309
Sodifrance,2,413,956,652
StackSmashing,2,663,2776,3863
Stephen,2,0,862,3606
StractConsult,2,138,2111,510
SulfoDK,2,3171,3034,127
SvenVanHamme,2,143,3229,553
Synhack_Fr,2,60,300,495
T0p1as,2,210,1949,742
TarunkantG,2,178,59,163
TechWizTime,2,738,3593,1492
TheXC3LL,2,1449,3634,1673
TomAnthonySEO,2,898,3236,9632
TuijaNiitti,2,460,199,58
USDS,2,1029,1558,54956
UbaidAhmed,2,468,7633,104
UnequalG,2,4557,5406,160
UpdateLap,2,234,738,1542
Van_Van_Coi,2,926,1028,2900
VendettaAnon1,2,13758,5517,567
VismaFinland,2,556,1617,1027
WilsonWillw121,2,2137,1482,616
YelpEngineering,2,429,682,3119
YourTechCompany,2,1,11700,336
_4waY,2,2061,4804,640
_FireFart_,2,1248,6466,2260
_M_Shahnawaz,2,32,177,31
_SIben_,2,501,432,380
_ShaunM,2,40445,2262,2724
_dreadlocked,2,3897,9592,575
_geoff_p_,2,118,184,90
_h3xagram,2,615,789,921
_larry0,2,7698,9664,3394
_mi5t_,2,4951,1331,428
_r3ggi,2,455,148,190
_staaldraad,2,375,2675,3275
aaaddress1,2,881,1154,357
acidphreak,2,4120,3700,898
adi1391,2,1229,2388,9428
adrian_stonge,2,2722,318,111
aglongo,2,3342,63206,1866
alberto__segura,2,1738,11626,307
alchemist16,2,1073,7610,634
allanfriedman,2,7792,6915,4012
alokmenghrajani,2,1197,980,791
ambulong,2,11,34,102
ameensol,2,4815,5555,5969
ameygat,2,191,705,115
anangsha_,2,1470,320,183
anantshri,2,969,21162,2765
andrew_strutt,2,6632,21463,2006
andrewaeva,2,40,837,335
androidaweb,2,423,610,627
angryyoung15,2,9,31,3
ant4g0nist,2,144,1087,712
anthonytowry,2,483,7244,326
antisnatchor,2,3335,13332,12355
artem_i_baranov,2,3996,12901,5350
artinscience,2,268,967,701
aswaney,2,318,344,185
atabishofficial,2,97,225,215
azedgetech,2,24,4710,89
b1ack0wl,2,10784,3730,5360
bada_77,2,108,70,252
benrothke,2,1260,8025,8730
biconnections,2,42133,401918,61377
binaryedgeio,2,6,833,599
binarymist,2,67,2088,413
binarypool,2,871,564,1283
bitkamvreto,2,4484,10547,1444
bitshifter123,2,2628,686,1290
bitwitch08,2,4526,5723,3090
bl4ckb1t,2,327,660,57
brambleeena,2,42,7564,1869
brampatelski,2,6623,16361,202
bryanbrake,2,9275,25551,5256
bsdaemon,2,27,2389,11138
buda_kyiv,2,99,150,1192
bugch3ck,2,668,2068,394
busecdo,2,933,993,221
c0Bchik,2,12948,3499,340
c0dmtr1x,2,3820,857,556
c0mmand3rOpSec,2,421,378,1005
campuscodi,2,202,88620,19416
carbreal,2,709,2302,276
catenacyber,2,58,74,40
cephalopodluke2,2,0,21385,942
chris_tarquini,2,2129,1496,254
chwdaryd,2,145,27,86
cktricky,2,3998,7052,2979
clusif,2,203,845,8108
clviper,2,1940,2398,499
crweedon,2,549,1378,110
crypto_ninjas,2,1788,3270,6405
cryptocatapp,2,2,1293,14077
cyberbot_expert,2,0,22,9
cybermenaces,2,14,252,72
cyrilvoisin,2,259,653,212
daangoumans,2,40,111,60
damase,2,358,1271,216
damienmangin,2,76,324,336
darksider9,2,123,14577,330
dbph,2,2539,15633,556
dc0471,2,115,78,113
dcsuraj_,2,72,42,23
deviouspolack,2,3939,1905,1230
dharleyatESET,2,31,2767,598
djrootdz,2,51,37,150
donds,2,1209,3253,454
dooktwit,2,3950,3469,872
dotchloe,2,650,671,875
drdr_zz,2,229,175,91
dustyfresh,2,2814,2002,532
eWEEKNews,2,456,54754,22883
eceburadayok,2,672,292,474
edgescan,2,628,1645,1211
eeyitemi,2,775,11034,1186
elvanderb,2,753,1719,2897
enable_macros,2,67,523,140
enigmaconf,2,738,790,2775
esrefmatur,2,331,87,110
ethereum,2,2194,1937,433697
ethicalhack3r,2,3389,125,20263
exploitby,2,10,7807,185
fede_k,2,4993,3953,5046
fisolav,2,972,1842,1212
fjserna,2,0,3755,11267
followji_,2,290,11758,1309
fprado28,2,313,16718,428
g4l4drim,2,5482,24613,2003
garethheyes,2,458,10436,9939
geeknik,2,7722,75121,9446
giovannichhatta,2,121,178,50
gmfpanda,2,1413,3475,230
govlog,2,518,278,163
grambulf,2,2522,4600,190
grap3_ap3,2,10208,29975,2830
guspineda,2,1081,9844,233
gustavorobertux,2,281,262,158
gwillem,2,2486,1282,1896
h3xstream,2,1410,272,1498
h_vestjens,2,5,3911,114
hackers_voice,2,41,65,74
hackinprovence,2,321,815,278
hakankusne,2,263,235,50
hcamiloga,2,694,2597,1071
heroiccyber,2,7037,437,10171
hjuarez44,2,269,2580,98
hoffmm,2,448,4194,284
hon1nbo,2,752,2245,368
hookgab,2,509,354,348
houseoflager,2,288,12687,4294
iThreat_,2,10,2051,115
iamavradeep,2,346,795,179
iamj3k,2,225,138,255
iamrmin,2,63,456,187
ihackcharities,2,37,726,10576
imdadvs,2,503,1632,335
infination,2,4217,77058,2447
insecurity,2,198,122,2255
invictus1306,2,492,630,594
iotatokennews,2,0,3114,16147
itsa_Messe,2,931,1150,2655
jack_halon,2,915,1512,512
jessemichael,2,7361,1276,528
jessicamariemba,2,3152,4829,5342
kaganisildak,2,1157,1701,758
kaiserkumars,2,1652,4393,384
kamil_hism,2,173,47,632
karrikurunmaki,2,214,88,93
kay_pule,2,609,589,263
kkmookhey,2,801,1859,1821
koczkatamas,2,2079,3320,2890
kripthor,2,260,193,148
kryll_io,2,373,839,6721
kurobeats,2,3403,10566,16045
kv21__,2,424,266,192
lakiw,2,115,4323,586
lconstantin,2,70,734,3080
ldionmarcil,2,1562,719,740
leakdotwatch,2,135,226,2015
locomotivecms,2,4,602,967
louison_ratanga,2,124,974,202
lseror,2,19,604,380
luastan,2,13913,4741,118
m0rv4i,2,1275,1032,291
m33x,2,17517,11584,873
maartenvhb,2,1083,2412,1928
manasdeep,2,41,687,116
marcelle_fsg,2,3153,1951,1872
marcin_hoppe,2,1532,1774,354
martydusek,2,4,91,166
mbriol,2,194,5891,1246
mehqq_,2,146,201,1249
melsecurity,2,1348,563,841
mez0cc,2,166,101,8
mhackling,2,5044,22924,1751
michaidentica,2,134,301,52
minturebr,2,54,45,173
moo_hax,2,909,944,340
mradamdavies,2,537,7709,727
mrandrewmills,2,15380,6607,1331
nahsra,2,231,983,647
naivenom,2,1005,799,718
namdhtm,2,3308,4695,451
nandedkarhrishi,2,127,702,149
nathanielrsuchy,2,1969,2095,397
ncrocfer,2,1533,5129,896
nemessisc,2,1764,2306,720
nikitium,2,119,453,687
ntxcsg,2,218,222,1016
nxsolle,2,272,2039,1027
nyonefiftytwo,2,119,157,36
onlyadot,2,2065,2717,920
osscsuf,2,9,138,46
overtsecrecy,2,3623,1210,487
ozzi_____,2,1007,858,98
pa_kt,2,244,511,1186
padannewitz,2,1488,130,131
parttimesecguy,2,144,2221,626
paulmmueller,2,8,25,6
peter_szilagyi,2,1483,2601,11559
pgt_r2ursystem,2,368,518,630
pix,2,1529,922,12024
priyanshu_itech,2,102,12157,1389
pwns4cash,2,3269,14468,563
pyaaritweets,2,1251,5410,67
r0otki7,2,381,335,498
ravici,2,32645,12416,2017
ravooriadithya,2,4602,4055,204
rd_pentest,2,360,440,335
realXandre,2,7,5922,60
rebujacker,2,53,320,74
regisleguennec,2,3959,10477,1473
renorobertr,2,1909,865,645
revskills,2,4119,535,13933
rileyporter,2,43,688,396
rinorragi,2,493,476,118
robertchrk,2,8873,61,750
rootreaver,2,332,144,141
rootxed,2,948,200,79
rusrushal13,2,6743,787,273
sagar38,2,2838,4059,1138
sambowne,2,5899,69981,15054
sathish211,2,265,80,276
scripttheweb,2,1750,6231,4824
secure_borat,2,11,436,1867
security_conf,2,58,141,129
security_hunter,2,172,5126,507
securityfest,2,23,235,816
sewell_jason,2,1011,1304,763
shellcod3r,2,94,25,33
showthread,2,27010,419,4328
shreeraj,2,50,2292,1445
skeptic_fx,2,1706,2505,1886
slobtresix0,2,1180,1666,669
sneakerhax,2,5341,2072,3190
ssantaclose,2,762,953,109
stamos_ebooks,2,6967,5977,168
stamparm,2,3915,3548,6854
sudosix,2,50,21,31
sumanthkumarc,2,1194,1064,125
sweis,2,5,5067,5964
tcpiplab,2,1678,1847,477
th3r2da,2,17153,69,134
therealdudez,2,566,127,89
thomas_elling,2,631,283,99
timfosec,2,508,396,37
tleemcjr,2,278,165,92
tmr232,2,4743,2364,501
tombkeeper,2,89,280,9320
trustartech,2,1692,764,557
ttwye,2,290,854,130
ukstufus,2,563,2829,274
unix_root,2,821,11796,28718
virqdroid,2,1255,3045,4146
vngkv123,2,365,362,71
w3af,2,1030,6019,7272
will_69montoya,2,68554,105056,666
wkandek,2,126,1792,1442
xKushagra,2,1608,120,1111
xMagass,2,612,216,248
yarixsocial,2,1357,10765,1507
yesecurity,2,1310,2184,244
zallyhg,2,2132,1937,940
zdkano,2,81,32,170
zemnmez,2,51189,22465,1742
zer0mem,2,3338,2223,2702
zerointerupt,2,2261,2961,612
ztgrace,2,792,1552,584
0Research_io,1,125,138,475
0Vams1,1,6,201,41
0_1_0_1_0_0_0_0,1,600,883,280
0man_X_HaCker,1,832,221,236
0patch,1,316,1914,3762
0sm0s1z,1,670,1359,1468
0x446f49,1,70,105,80
0x4rk0,1,1242,2141,143
0x545041,1,1472,684,7
0x6d696368,1,354,691,1920
0x7eff,1,5048,12106,2807
0xAlexei,1,2674,854,2075
0xC413,1,369,205,230
0xLaurent,1,145,175,174
0xM3R,1,2075,2041,1612
0xNemi,1,287,212,1292
0xP5N_,1,200,537,74
0xUID,1,1989,15237,7240
0xdea,1,24,9076,2545
0xmitsurugi,1,1,489,801
0xsauby,1,3214,3844,675
188thWG,1,625,1582,1799
1sand0s,1,539,1439,922
2ndleprechaun,1,2580,20977,355
3XPL017GH057,1,636,810,709
3mrgnc3,1,721,735,319
42born2code,1,292,7854,30007
4PawShop,1,358,366204,5159
4c1dk3rn3l,1,329,2672,257
4jorge,1,3852,20222,4628
4rt3m,1,936,7437,1469
5ean5ullivan,1,488,4430,5941
7hunderSon,1,1163,642,678
8080hex,1,684,108,155
80vul,1,148,609,4106
811Rishi,1,790,364,315
84d93r,1,131,100,55
ACotonio,1,8655,1914,289
AFSLabs,1,6,119,85
Aamer_Sha,1,1646,79,12836
AbuNesma0,1,221,1086,275
AfogBerkeley,1,6,53,169
Agarik,1,247,468,348
Airdroponme,1,70,393,1192
AjaySinghNegi,1,0,1172,1043
Akerva_FR,1,210,643,421
AlanMarrec1,1,2963,2507,551
AlannahGuo,1,1128,937,570
AlexAltea,1,487,360,1640
AlexProdefence,1,57,3242,67
AmirSariaslan,1,22528,14605,9768
AnKimVan,1,6882,10261,9148
Anastasis_King,1,0,16859,876
AndresRiancho,1,24,114,120
AndreySeverG,1,1856,3135,13550
Arr0way,1,471,1417,4059
ArtOfTheHak,1,2378,58903,32304
AstonEcole,1,143,1026,420
AstridOosenbrug,1,8013,21849,4814
Atdcarshows,1,1912,189858,382
Atlassian,1,6805,18110,75795
Atredis,1,238,477,1823
AulisVainionpaa,1,5668,6773,97
AustCyber,1,4157,3682,3454
AustCyberSecMag,1,218,780,347
AutoISAC,1,33,68,448
Autotestdrivers,1,7244,506879,3098
BBB1216BBB,1,0,63,315
BBerastegui,1,357,6624,1403
BDifferenz,1,480,1275,167
BSidesDE,1,269,5084,2468
BSidesDubai,1,59,55,76
BSidesScot,1,214,265,790
B_Stivalet,1,19,76,80
BadTesting,1,4594,22128,40525
BaddDreamer,1,11197,2857,191
BeanBagKing,1,105,429,61
BeckwithBay,1,1590,932,39
BenoitMirete,1,1549,6018,424
Bereti_,1,6,61,14
BerkeleyLaw,1,9912,12147,11504
BhawaniSinghK,1,508,325,232
BiellaColeman,1,16260,12432,46885
BitPay,1,2908,11824,264550
BiznetBilisim,1,302,2455,2109
BjornVanReet,1,6802,6708,1518
BlueHatIL,1,894,708,2264
BobsSeeds,1,10,61581,4078
BorjaMerino,1,5899,4239,2407
BorkFomb,1,354,14210,196
BrianMDeMuth,1,1814,789,416
Brijeshbsingh,1,436,3973,2633
Brogrammer2018,1,1981,932,152
Btctools,1,25224,32601,2040
BufferOverCat,1,294,2437,747
BugCON,1,346,1532,2780
Burp_Suite,1,0,2725,24528
CEHofnerIII,1,550,249,21
CHCon_nz,1,138,232,930
CSSII_Strategy,1,73,578,311
CYarkoni,1,5802,1433,3171
C_3PJoe,1,5399,5958,4781
CandiceLanier,1,2741,155358,54316
Cantika61784504,1,2990,2852,2933
Checkmarx,1,5108,11457,5658
CheenaBlog,1,22167,25003,10687
Choodawgg,1,3076,2210,90
ChrHansen,1,6328,2954,907
ClarksonCJ,1,55,125,206
CloudyGeek,1,89,321,24
CoenHimself,1,361,797,515
CoinbaseSupport,1,0,12987,83591
CompTechReview,1,13,4587,2070
ConexionInversa,1,1041,1013,4084
CopperheadOS,1,2518,24150,6615
Corrupted_brain,1,527,1289,792
CowbellSteve,1,591,10445,727
CreetureNZ,1,6030,12331,522
CrypieHef,1,4265,4280,606
Crypto_Magnates,1,9,37,6
CyberAuthority,1,2897,3586,7218
CyberConsulting,1,5856,64788,2365
CyberIntelFeed,1,341,1106,3110
CyberLowdown,1,224,370,201
CyberSecUpdate,1,23404,43604,2242
CyberSnych,1,13684,84672,885
Cyberjinio,1,44,92,6
DBMCSR,1,121,3351,1152
DDO53R_420,1,2485,5839,283
DOfaquarius,1,114797,64917,783
DRX_Sicher,1,2747,7458,1586
DScravaglieri,1,116,275,252
DWarshavski,1,3184,977,49
DaBishSlap,1,9888,3865,370
Daisuke_Dan,1,716,12084,5028
Damien_Bancal,1,4387,17330,8856
DanCimpean,1,4878,4140,843
DanHMcInerney,1,131,258,912
DanlAMayer,1,3229,4228,1136
DavBatz,1,3742,2245,798
DefconPedoBear,1,29336,12441,773
Dertajora,1,513,14603,543
DetSecOrg,1,57,159,92
DhiruKholia,1,4424,886,885
DotNetRussell,1,4457,4477,771
DougOlenick,1,735,1947,1216
DreamlabLatam,1,230,1919,1316
DrunkBinary,1,5858,3339,4037
ESP32net,1,4077,2672,10952
ETNPay,1,1566,698,86
EanMeyer,1,9664,4321,898
Elsio123,1,7124,4922,429
EndlessMason,1,6809,13501,277
EricWenger,1,956,3474,988
ErwanFily,1,932,566,227
EshanulL,1,3100,2831,1870
Exploitwriter,1,1100,1540,209
FCI_Cyber,1,29,840,154
FFRacer_Matthys,1,4355,1482,250
FNTC_info,1,1126,5498,726
FSDominguez,1,33,10550,519
FSLabs,1,1,1246,8190
Fantpmas,1,7483,9320,947
FaridBelbouab,1,347,177,26
FerdinCrypto,1,5030,5204,160
Firedingo,1,4331,80043,433
ForcepointLabs,1,9,1460,23019
ForumSecuCloud,1,344,189,470
Fran_Quinto,1,944,2465,1278
FrancLukas1,1,21982,16238,444
Francisckrs,1,3384,948,1274
FrankiCreek,1,511,101,282
Frankvega1,1,13403,6986,52
FuzzySec,1,1765,3054,15207
GATEW4TCHER,1,111,172,299
GCIOMedia,1,147,1002,792
GDI_FDN,1,4263,7894,3107
GRComputers,1,12,4796,295
Gal_B1t,1,6584,979,659
Gam3z_Inc,1,99,15583,677
Garretth140,1,19001,10537,1009
GeraintW,1,110,12026,356
GironSec,1,37,1624,540
GlennPegden,1,8342,29871,1800
Global_hackers,1,474,56204,13526
Goopypanther,1,33577,23226,2803
GovInsider,1,654,2128,1693
GovMattersTV,1,614,6000,3906
GradiusX,1,1362,687,833
GrunnJS,1,35,65,77
GuidePointSec,1,131,1818,1094
H0tDish,1,21826,1183,12833
H4kst3r,1,71,22,131
HITinfrastruct,1,77,1715,514
HS2formation,1,21,38,329
HTID_BEAR,1,5262,6704,346
Hacker_Horse,1,9102,11749,4057
HackingPatatas,1,485,77,826
Hardword6,1,52,32,10
HarshVaragiya,1,1049,100,17
HenriSikio,1,182,442,43
IAmIronCat,1,31,90,26
IDCPSavings,1,0,398,98
IMMLA_io,1,2,119,705
IOTAcurrency,1,344,1135,26957
ISecAuditors,1,303,6041,1459
IT4PC,1,663,1287,238
ITSecNews,1,0,36673,4657
IanMmmm,1,2546,20140,11546
IdoNaor1,1,6614,4154,3155
Inf0Junki3,1,776,3402,189
InfoSecAliaBhat,1,2,80,1583
InfoSecHotSpot,1,67579,62360,115408
InfoSec_17,1,41,7625,2979
InfoSec_Pom,1,2303,30164,3105
InfosecGoon,1,539,2422,257
InfosecWomen,1,215,3470,3253
InsideBitcoins,1,2346,37226,14659
IntelSecurity,1,926,6989,33769
Intrinsec,1,24,364,1357
IoTNewsletter,1,5932,14538,13376
Ionut_Ilascu,1,1,3445,2230
IotaTangleFacts,1,1641,1305,508
IvanoSomaini,1,295,415,204
JAMESWT_MHT,1,24542,22352,12808
JHCTechnology,1,37,610,278
JSyversen,1,3966,6453,1047
Jacquel51295991,1,0,142,0
JamesAtack,1,1035,871,217
JamesHabben,1,138,7281,2126
JaredDeMott,1,3182,4432,3238
JayyneCobb,1,15838,11003,968
JeevanDahake,1,182,32,68
JohnLoucaides,1,1099,491,183
JonathanBouman,1,151,60,1189
JukkaHolm,1,1738,1110,1104
KHALED0xO,1,4339,13772,675
Kachakil,1,256,919,2156
Kaiser34511392,1,5240,4814,418
Kebluk_ID,1,536,15454,799
KeoXes,1,56,42353,226
KoAkinci,1,3575,1757,2102
KodyKinzie,1,728,509,545
KurtBugbee,1,1984,673,389
Kyle_Savage,1,79,21,18
L2Nate,1,1619,870,167
LaNMaSteR53,1,62,12636,6928
LabCenter_se,1,4426,4912,884
Lance_Edelman,1,3601,26406,2168
LegalRobot,1,211,285,1540
Lehigh389,1,140286,446659,2336
Lerg,1,22203,40092,5079
LiamT,1,1327,3220,3150
LimitedCreditCA,1,2270,3972,248
LornaGarey,1,9300,15084,3561
Ludo_L_,1,90,7894,413
Luzark_,1,260,521,290
M1k3_T,1,1854,1889,117
M3atShi3ld,1,8744,21586,2843
MACEA_IVAN,1,2210,43672,225
MCKSysAr,1,1142,3076,219
MISPProject,1,2396,2136,7694
MSwannMSFT,1,555,1084,2916
MaganJeanpierr4,1,0,118,1
ManonPlltr,1,116,52,15
Manuelbp01,1,871,308,444
MarcoFigueroa,1,1079,3735,9134
MarkKuhr,1,578,414,864
MartinReyes40,1,3,2597,187
Mathieu_NS,1,1855,554,179
MattBrennan82,1,8841,12618,415
Mazt0r,1,0,8553,8915
MccaffreyMariko,1,0,240,3
MentosMoziilla,1,667,1814,164
Message50434658,1,7095,6773,368
MikaelThalen,1,15701,4018,13474
MilitaryLawCtr,1,45,2125,170
Mind0xP,1,188,46,71
MindTheSec,1,568,1711,3211
MiningTurk,1,15918,22844,10138
Mir13xK,1,2582,1462,2934
MisterCh0c,1,8565,14453,9854
Mithun_Sanghavi,1,159,13516,424
ModSecurity,1,30,1525,4900
MozillaSecurity,1,17,59,319
MrBenChung,1,8849,12161,195
MrUn1k0d3r,1,1019,871,3165
NAKsecurity,1,9855,6182,555
NETGEAR,1,6453,31742,75757
NairuzAbulhul,1,5775,3432,604
NakerahNetwork,1,30,248,841
Nelifarian,1,6426,1866,12
NianaSavage,1,297,680,678
Nick_Aleks,1,356,262,467
Nientenomi,1,627,4877,1037
NikolasKAMA,1,4388,2101,973
NinjaStyle82,1,1502,232,533
Ninja_Bambi,1,18271,4077,317
NixuBenelux,1,266,650,337
NoSuchCon,1,12,552,3075
NorseCorp,1,22253,24302,16041
Nuka_cool1,1,273,380,613
Nulloop,1,1505,1247,217
Nxgr_l,1,2188,1758,147
OSINTLatamGroup,1,352,324,876
OWASPGhana,1,74,55,177
OWASPMumbai,1,30,39,295
OWASPSpain,1,155,523,912
OWASP_Arg,1,103,512,1629
OWASP_CloudSec,1,49,101,578
Obrela_Labs,1,66,122,105
OguzhanTopgul,1,706,3591,826
OlgaAngel,1,1140,1862,968
OpenGarages,1,1062,721,2300
OpenRoot1,1,2435,13835,775
OrhanAlbay,1,11,70,129
OsandaMalith,1,938,2486,3739
OtXmokomoko1,1,1412,1293,107
OttLegalRebels,1,25337,595634,67360
OverSoftNL,1,5677,3190,1892
OwariDa,1,218,752,2560
PacketTotal,1,211,205,442
PandaStash,1,1888,2614,105
PatriceAuffret,1,338,2130,580
PatrickCMiller,1,12217,82852,5946
Paul4679,1,493,469,34
PenTestPartners,1,235,1580,4024
PentestSec,1,134,126,1172
PentesterLab,1,296,1940,9392
Pepito_oh,1,238,568,227
PogoWasRight,1,3573,54599,7650
PurpleSquadSec,1,219,151,496
PwnyAustria,1,1,782,331
Qamadness,1,479,419,301
R00tkitSMM,1,10469,4794,3080
R0m4nZ41k1n,1,453,91,598
RRamgattie,1,489,500,146
RamonaHoogeveen,1,1205,8353,984
Razadarit,1,282,204,85
RecyclerMedia,1,4,16405,2457
RedPiranhaSec,1,236,474,279
RenditionSec,1,173,921,2739
RensenLena,1,0,186,1
Renzi25031469,1,32,32,16
RivmarkM,1,435,17503,451
RocketChat,1,1744,1466,9891
RokJokLabs,1,28519,23848,6822
Roman_Drugov,1,1667,2781,12968
RomelSan,1,355,8888,298
Rubik2k,1,181114,31990,3022
Rubyfu,1,33,458,970
Rzepsky,1,430,228,255
SBH_France,1,96,420,126
SCADAhacker,1,550,21878,11885
SEOfoururl,1,15240,14773,1435
SFox,1,107,303,1009
SYNETIS,1,99,617,374
SadFud75,1,3881,2249,1024
Saiber_Man,1,340,235,586
SalesforceVC,1,2608,1519,8942
SamiraWilson123,1,2,3358,1044
SamuelReidIOTA,1,551,373,814
Sec00000101,1,6843,19453,388
SecBarbie,1,1771,1693,23579
SecInnovation,1,114,3026,1804
Secur1tyMind,1,181,257,147
SecureOwl,1,656,4597,405
SecuriconLLC,1,9,200,285
SecurityGuyPhil,1,124,111,438
Seekurity,1,31,92,468
Sergey_Invest89,1,1731,2900,26414
SessouXavier,1,858,838,16
SherlockStudent,1,392,118,63
Shikata_ga_naii,1,748,358,182
ShowmaxDevs,1,49,169,247
Silensec,1,389,6615,3021
SilviaValiSV,1,189,106,373
Sipu79,1,111,586,123
SkyBetClive,1,1760,1232,529
SmashTheKernel,1,2199,1409,3256
SmileSimplify,1,78444,55099,613
Sn4peW,1,2306,205,133
SniperSister,1,4447,5521,1660
Snubs,1,1528,36904,48413
Snypter,1,605,3735,392
SooperTROLLAssB,1,1804,21697,1739
SqreenIO,1,1321,737,2187
SquareEng,1,955,2286,22975
St3C4nB5t25,1,4052,4439,695
StKripbtc,1,2030,7309,2444
StanBounev,1,181,1623,5946
StephaniCleaner,1,0,190,3
SteveSanders7,1,410,23503,1653
SummitRoute,1,650,369,1415
SumoLogic,1,2279,8989,4773
SunnyHoi,1,2388,76991,11392
SushiDude,1,55705,21158,4938
Swati_THN,1,1888,4844,29661
SwiftSafe_,1,2,564,35
Sza1ek,1,147,1286,77
T00uF,1,139,213,254
TBARDE,1,497,1835,759
TGambacorta,1,106,124,209
TJ_Null,1,3009,3831,679
TSSCyber,1,73,80,272
TahirBhutta786,1,51,100,44
Taisen_X,1,1059,1038,237
TalkingScars,1,1561,462528,907
TallinnSec,1,25,27,91
Teck__K2,1,241,243,141
Terbak,1,1771,3299,948
Tesla,1,2056,6792,3088323
Teslarati,1,2718,5992,60844
Th3Zer0,1,21322,33167,1640
Tha_Gary,1,91089,19589,2235
The4rchangel,1,9370,2846,1472
TheBitcoinNews,1,9,206359,61351
TheColonial,1,10707,88559,10952
TheD4RKr3ap3r,1,401,2573,218
TheNerdOne9,1,236,208,31
TheTeslaLife,1,2880,4843,8886
Tiffa_Strife,1,15,25,24
Timoxi,1,213,709,652
TinehAgent,1,4133,4969,1797
ToolsWatch,1,2115,17247,17509
Trapmine,1,32,259,1164
Tubzbuster,1,52377,41317,730
TuomasMikkonen,1,202,295,525
TwitterEng,1,38,428,1313559
UEpoch,1,25,182,43
UYBHYS,1,32,38,196
VaniaRDO,1,488,389,150
Victori12912582,1,17195,10434,4633
VitalAnon,1,3550,92999,3264
VladislavBukin,1,1955,2230,1372
VulnersCom,1,45,651,1999
WangTielei,1,60,144,1333
Warwick_Ashford,1,9,4399,6256
WellArchitected,1,2052,8728,2118
WhiteHatGuy,1,126278,143121,22114
Winja_CTF,1,22,76,251
WordPress,1,442,1547,621366
XI_Research,1,16,227,10102
XioNYC,1,2817,114533,610
Yafsec,1,6040,10011,3118
Yanfass,1,0,31287,30
YourAnonRise,1,83594,143964,4050
YourMarkLubbers,1,19056,20598,53552
ZBajee,1,737,3056,396
Zaufana3Strona,1,113,5186,8555
ZeArioch,1,1240,692,468
ZeroLabsIt,1,2,164,55
ZeroOneArmy,1,5,122,127
_AnkurB,1,57,135,244
_GarethP,1,4254,427,242
_HuyKha,1,218,160,3967
_KenWilliams_,1,10800,8890,1786
_Stuxnet,1,3106,385,1037
_WPScan_,1,64,2312,3535
__agwa,1,389,672,1155
__winn,1,1160,246,727
_castleinthesky,1,2389,3152,744
_cutz,1,2,202,1478
_elad_,1,265,67,80
_embedi_,1,83,196,1404
_harleo,1,2136,308,69
_holyvier_,1,23,41,258
_ionzi_,1,1303,1599,433
_jasp3rG,1,26,21,23
_lely___,1,26,52,608
_llzes,1,18128,11106,1055
_niklasb,1,2452,1428,7241
_raphaelmota,1,2533,9186,1098
_reactdev,1,142,72171,1830
aCaltum,1,1378,2292,1014
abdhariri,1,1396,1151,2423
abigailhope_mit,1,193,2093,581
abilgegunduz,1,4736,4202,1385
aidenadnan,1,3306,3660,2900
ajinabraham,1,686,2112,2571
akshant_g,1,298,198,80
akterjuli987,1,40616,41271,15066
alcgroup,1,673,3447,511
alien8,1,467,21775,2430
aliereza,1,2654,14292,2927
all_out_sec,1,101,159,84
almuqbil_a,1,1125,1609,1184
alphaomikron,1,7842,2373,223
amatwyshyn,1,2343,12113,2998
anestisb,1,29,1177,880
angelart07,1,2909,5540,521
ankit_anubhav,1,3520,1612,3365
annisalli,1,358,205,66
anseevaoks,1,3093,4980,19616
ant0inet,1,3026,5304,496
ante_gulam,1,35,84,226
antoineneveux,1,603,552,251
antonivanovm,1,216,177,2407
antyurin,1,1031,278,883
aoighost,1,42890,275,4430
appsec,1,2,815,549
appseccouk,1,171,1872,767
appsecneil,1,299,1325,276
aprilwright,1,10178,6023,8730
aramosf,1,1133,5965,11252
archbish0p_,1,1212,262,105
ariasfernando_,1,110628,99984,5786
artkond,1,179,142,1296
artur_t0rres,1,166,3870,290
arvanaghi,1,1152,758,1869
ashitaka007,1,1179,424,133
asimx,1,69,3909,1716
atpons,1,17899,90369,1975
atruent,1,1567,15372,567
attrc,1,7,16441,25579
aubrey_lab,1,1103,16640,363
aveyr_tic,1,330,2567,82
axaustin,1,3,158,29
b4l1c,1,58,5290,9084
bahtiyarb,1,2621,1281,855
bbanakaffalatta,1,15640,4812,102
bcrypt,1,18450,16029,58799
bdavis2446,1,89,163,55
beaglesec,1,0,24,61
bearstech,1,622,2858,1538
bengoerz,1,4514,1894,531
benhawkes,1,288,455,19877
benheise,1,27050,4820,4848
benmassaou,1,389,163,621
benpturner,1,1757,1443,1484
bharathvaj95,1,469,305,111
billybobgandhi,1,2585,1514,189
bkimminich,1,1203,3297,1089
bl4ckc1ph3rs3c,1,2079,1301,399
bl4cks1x,1,266,13263,522
blacqhat,1,10607,5788,1702
blip_pt,1,118,690,1028
blueclosure,1,4,98,120
boblord,1,2583,5016,12608
bolonobolo,1,273,549,52
bordeauxcarol,1,66616,52379,1696
botflowking,1,196,286,214
brentwdesign,1,3867,15028,4274
bsdbandit,1,914,4080,963
bsidesnash,1,316,4682,2065
bsideswlg,1,515,492,1254
btrisk,1,101,280,1610
bufrasch,1,553,191,315
bugbountynotes,1,5,24,1679
buydogs,1,2059,757,1271
cagataycali,1,5090,1948,2364
calin_aletha,1,0,154,1
carnal0wnage,1,14130,15939,36925
cascrypto,1,4444,4972,718
cgvwzq,1,184,992,1337
cheneyben,1,2646,1166,264
chengjia4574,1,74,92,482
chessiqua,1,4448,4123,1832
chesterhackers,1,31,84,121
chetthunderdome,1,331,386,32
chff_,1,195,57,94
chrismatthieu,1,17595,41138,12312
christiancevaer,1,222,337,18
chroniclesec,1,67,230,4713
chudyPB,1,575,172,320
cinnamon_carter,1,18977,235666,71820
clintgibler,1,197,305,402
cnrkrglu,1,1264,1758,2618
codelancer,1,417,8020,6915
commixproject,1,165,244,2858
comunicacionoel,1,2542,15526,760
comztech,1,1442,6698,531
con_figure,1,1411,1084,181
contractium,1,973,171,18105
coolsilver,1,70474,85274,1062
craigmillr,1,5030,695,5821
crlowell,1,14433,13083,517
cruel_tht,1,2162,127,313
cryptax,1,7586,8435,3866
cryptochangex,1,1006,2290,544
cryptoslate,1,2387,2651,5713
csecmatt,1,1237,455,409
ctfturkey,1,95,689,1313
cti_analyst,1,13,373,3
curphey,1,795,11985,1988
cyb3rdan,1,160,44,25
cybercdh,1,2096,977,1671
cyberexpertsng,1,234,5609,1423
cybersec007,1,118,137,87
d00gman,1,3884,2559,901
d3struct0,1,3145,9463,511
d7x_real,1,27,95,14
dabdine,1,2006,592,467
dalmoz_,1,13347,8042,3623
dangokyo,1,32,178,57
daniel63103646,1,2865,2574,39
danilop,1,12342,17864,6119
dantherealm4n,1,3770,2520,667
datasiph0n,1,148,910,4307
david942j,1,383,158,762
davio_peg,1,0,170,3
dc2744,1,1758,777,329
dc_9111,1,627,201,318
debasishm89,1,606,392,1110
decalage2,1,14273,3881,2298
defcon_toronto,1,168,253,913
defendzaltd,1,252,686,5563
defparam,1,1016,1023,465
dejandayoff,1,152,89,122
der_abro,1,2266,2034,158
deuZige,1,27,6947,72
dfunc,1,559,973,764
dheerkv,1,64,53,40
difreeze,1,83,361,209
diodesign,1,3492,27828,2959
dishantsharma17,1,49,67,101
dispensa,1,347,1319,1141
divinepwner,1,93,914,919
divinetechygirl,1,32374,102952,11634
dmi3sh,1,662,473,383
dmred1,1,3612,6602,749
dnsprincess,1,18710,10040,1204
domchell,1,3627,6813,3525
drkstndr,1,9154,1749,156
droethlisberger,1,1198,540,815
drwetter,1,900,4789,1023
dukebarman,1,17904,5566,1818
dveditz,1,7122,4376,1797
dvyukov,1,467,1050,3203
dwayne,1,1336,9473,925
dwight1961,1,5181,4304,298
dynllandeilo,1,1947,755,325
e_kaspersky,1,1248,7386,177150
e_rnst,1,592,1011,349
ebellis,1,2057,9847,3858
ebencuya,1,3196,6168,1184
econocom,1,486,3660,4604
ehackingdotnet,1,152,23438,19743
eilah_tan,1,3055,3636,1162
el_d33,1,409,2461,696
electr0sm0g,1,49,360,209
elie,1,890,3163,61628
emalstm,1,1810,2638,638
emeliewidegren,1,2249,2972,395
emirambel,1,22,296,107
emptymonkey,1,25754,480,521
ep0k_,1,1501,5559,1646
ericevenchick,1,268,2312,1871
esparta,1,171,12192,559
esskaso,1,828,233,53
essobi,1,12359,69068,6365
evan_van_ness,1,375,455,9879
evanbooth,1,4732,5885,3114
evilcos,1,191,361,5232
evonide,1,176,48,1742
fabeeoo,1,20430,23264,868
facetimeJS,1,35416,14435,4891
factlink,1,17,130,1109
fafafariba,1,291,1015,132
famato,1,3462,2281,10577
feffi1,1,3872,9082,197
femiral,1,15,238,581
fewdisc,1,220,927,604
fkarlitschek,1,774,5275,4797
florian_lettner,1,430,414,107
forced_request,1,753,3691,795
foxglovesec,1,4,24,1127
francibosco,1,3356,39018,4638
frontline_ops,1,240,478,46
fuska__,1,570,4522,285
fxrseen,1,51365,53930,1869
gaaabifranco,1,2038,17669,1130
gade,1,344,2521,256
ganttnz,1,4176,7296,28040
gatenub,1,660,580,150
gauravg1181,1,3,87,168
gbergel,1,7358,15511,3000
gdiasdasilva,1,141,142,34
geek_ji,1,127,265,202
geeknewslink,1,0,15422,173
gepeto42,1,1544,26357,1585
gerzic,1,4273,6379,1387
ghayslip,1,725,2025,2972
glitch80bot,1,918,367,74
gmillard,1,569,4450,15145
goija,1,841,2491,1319
gregotto,1,12371,22800,3940
gremyjm,1,237,692,250
grimmcyber,1,2955,3817,2324
groferseng,1,76,150,275
grumpygolb,1,129,243,72
gscamelo,1,61,342,449
gyehuda,1,669,7457,3908
h11dfs,1,545,9990,2471
h_softwares,1,198,652,114
habr_com,1,13,103308,440670
hackITconf,1,350,481,1221
hack_it_n,1,91,86,168
hackerNlegoland,1,1950,1485,206
hackerone,1,13,165,176
hackertarget,1,66,316,1362
hackinparis,1,1992,1802,7014
hackthebox_eu,1,2197,397,10699
hanspetrich,1,53,92,70
haqpl,1,20,25,8
hardwear_io,1,1557,2236,3028
harris,1,3294,5935,14532
hasegawayosuke,1,9750,26300,8308
haydenzadams,1,278,160,707
henshinpt,1,301,173,321
hervetroalic,1,114,411,153
holesec,1,7960,23131,8974
honze_net,1,9749,7127,258
howucan_gr,1,1428,3546,7069
huyna89,1,1016,257,230
hybr1z,1,80942,33857,1447
iM4CH3T3,1,70658,90224,4781
iamrastating,1,964,3027,1084
ibrahembarakat6,1,1852,1090,249
icanhaspii,1,1599,1109,1616
ifsecure,1,267,306,6981
ihackforfun,1,2881,2913,397
ihackstuff,1,1079,2342,30837
ilmila,1,678,876,290
indutny,1,1237,17403,8921
info_dox,1,5518,454,6823
infoseconlinept,1,1419,5740,408
iotacoinapp,1,0,431,347
isela54724083,1,0,119,3
istihbaratakdm,1,77,216,2566
it_cisq,1,261,4751,521
itspeterc,1,29217,5365,584
ivRodriguezCA,1,1612,17976,837
izar_t,1,4171,1160,251
j00sean,1,59,241,468
j3nst0,1,262,80,387
jLynx_DarkN3ss,1,986,1630,1390
j_kaluzny,1,1118,714,680
jakerobinson,1,13262,20945,2176
jakx_,1,1020,2635,746
jamersan,1,505,2155,4585
jamirais8,1,12,54,9
jangeirnaert,1,626,10463,534
jbbasics,1,4477,7646,639
jduck,1,12792,17977,25840
jeffsass,1,39,918,389
jensvoid,1,59,107,244
jeremycec,1,2042,1495,353
jimmwayans,1,586,120,295
jmwind,1,1937,2266,2252
johmanx10,1,415,1895,123
jonasl,1,1016,12991,31032
jonathansinger,1,153,2490,1190
jondebonis,1,323,505,112
jonttuh,1,986,1091,340
jorwev,1,116,55,21
josephinecwolff,1,58,249,862
joshjaycomedy,1,14783,14092,1080
josueestanga,1,55,99347,243
jpdborgna,1,13473,11453,1791
jpolakis,1,169,144,839
jq1106,1,509,852,228
jreppiks,1,56,61,85
jstevensen,1,3275,1274,532
jstockton_mg,1,20,25,45
juncotic,1,140,1772,609
justinsuntron,1,189,2241,545469
jzvw,1,1315,978,733
kactros_N,1,17,44,29
kainessalvation,1,10540,16971,450
kairinen,1,394,1459,821
kalilinux,1,0,1482,190153
kaluche_,1,472,2149,814
kander23682368,1,178571,52351,265
kasimfeke,1,2745,975,200
kaspergrubbe,1,3082,3010,259
kavo555,1,1366,1552,90
kb6nzv,1,29401,21943,253
kees_cook,1,1810,934,3268
kevin___mark,1,3916,3965,4164
kevin_backhouse,1,104,99,2095
kh4st3x,1,2378,6470,655
kinomakino,1,14906,11574,3853
kledoux,1,4256,3352,2409
knoblochmartin,1,4342,6354,1509
konsole512,1,25,103,48
krfsm,1,20,16641,161
kristovatlas,1,50886,28410,12711
kryptera,1,1429,4364,3205
kunju_v,1,139,833,70
laginimaineb,1,679,621,5788
lancinimarco,1,331,1150,731
latricia_lavoie,1,0,134,2
lawrenceaamer,1,121,841,107
lehtior2,1,3243,3183,3353
lexsi,1,67,1134,3906
liamosaur,1,25266,9411,5704
lilyhnewman,1,2330,1812,5229
linuxsec_org,1,0,1213,856
lkys37en,1,2860,1544,320
lm10sujon0123,1,4180,5921,3876
lnxdork,1,51682,2099,2994
lorentzenman,1,1060,592,252
louistiti_fr,1,4811,2716,3927
luc4m,1,2177,1215,619
lukaskuzmiak,1,1360,2556,388
lynerc,1,55,56,43
m4lv0id,1,4773,2638,757
ma7eeneh,1,212,178,56
maestretti,1,220,165,318
magotrox,1,99,992,8
malaqsm,1,524,13148,22991
mambo_sm,1,1628,1038,428
manicode,1,14387,28484,10503
marcin_skok,1,5295,43193,330
marcioalm,1,380,459,576
markdavidbecker,1,165,10298,10934
martingiles,1,1006,1284,4354
martinmajling,1,1034,1367,325
marunmagesh,1,15885,5758,1837
marvtridon,1,265,891,412
matir,1,1285,1773,1012
mattiparv,1,632,336,163
maxsec,1,21721,15490,525
mayekrutzler221,1,0,184,3
mba_securite,1,15,49,186
mediamavenusmc,1,4,449,55
meikk,1,1064,6573,1109
melanclock,1,30987,4821,80
meneer,1,4823,56195,2852
meraki,1,458,2887,25695
metaconflict,1,7168,4788,550
meteorjs,1,2611,5564,59567
michael_eder_,1,1003,2154,483
miisalonen,1,864,353,177
mikispag,1,2517,3890,6739
mikkelsvane,1,1498,10351,15919
mindedsecurity,1,49,279,889
misfir3,1,489,2748,192
mmdelrio,1,83,86248,3550
mondalan,1,1458,2011,970
montef,1,7368,13306,336
morenocreola566,1,0,187,2
mrsanickerson,1,185,73,331
ms__chief,1,2418,1283,717
msgpeek,1,607,1510,110
muellerberndt,1,1302,859,2346
muradbey2018,1,1364,2028,9483
muts,1,0,85,4740
mynameisv__,1,70,1706,361
mypat3op,1,41020,46512,12746
n00bsecpod,1,543,353,477
n0pe_sled,1,414,271,873
na7irub,1,30,131,1539
nazimakb,1,0,1858,161
ncieslak_,1,376,474,161
netbiosX,1,2958,9779,11238
newsoft,1,8242,6465,4771
nfsec_pl,1,411,230,167
nickfx,1,60,1349,819
nicocelier,1,387,1294,2989
nicolasbrulez,1,1896,6434,17523
nicolasnow,1,3960,2550,367
nicowaisman,1,4148,11016,8856
nikiscevak,1,2685,8140,9995
niranam_salt,1,5002,186178,4230
nmap,1,3,173,115124
nn_amon,1,995,652,281
noalgwen,1,177,368,29
nodestakers,1,0,2153,107
nolexpeet,1,56,396,242
nomadiclucie,1,2651,2654,722
noraj_rawsec,1,12,22,52
notajungman,1,3622,1193,67
notameadow,1,20543,14264,4126
notdan,1,59375,50305,7732
nrturner,1,37352,32186,672
nrx_ch,1,916,959,512
null0perat0r,1,309,234,345
nullSingapore,1,110,376,558
nwhownzz,1,269,244,282
nybblenybble,1,165,1581,231
oath,1,2506,2296,10385
oaydinyilmaz,1,1280,1988,579
obilodeau,1,1219,1837,1990
obiwan666,1,8596,19621,1088
omri9741,1,543,317,761
onehostcloud,1,1381,3218,317
ooldder,1,68,20,18
opsdisk,1,114,156,191
osintbear,1,69,7369,187
outofbuffer,1,13,85,1603
outscale,1,496,2851,1487
ovh_careers,1,139,1593,3458
ovh_es,1,349,2384,17026
owasp_juiceshop,1,435,594,1357
oysterized,1,570,602,38
palashv2,1,35378,11712,5495
parkerrm39,1,81789,50066,857
pasi_haarala,1,808,309,266
patrickcoomans,1,3517,9010,19070
paulgreg,1,441,7468,765
payatulabs,1,183,291,1115
pcastagnaro,1,309,4611,769
pedrib1337,1,238,86,90
pentestbox,1,75,146,1190
pentesteur,1,14,551,2219
perfectprivacy,1,131,1956,16535
peta909,1,2272,676,358
phr33fall,1,638,776,532
piedpiper1616,1,885,733,427
pmbrsantos,1,25808,26045,453
powerdns,1,106,3924,1786
pprstrtspcmpy,1,44804,13067,113
pr454nn4_pk,1,194,980,409
profxeni,1,281,5828,383
programmableweb,1,7134,48842,28549
psylonet,1,10044,8311,475
ptonewreckin,1,3013,1859,357
pvonraesfeld,1,8332,5848,327
pyhy,1,425,260,96
r00t0vi4,1,1402,757,484
r00tus3r,1,564,58,160
r3c0nst,1,219,940,347
raikiasec,1,118,434,782
rambojohndoe,1,307,278,217
ramen0x3f,1,768,97,516
ramospablo,1,3696,14022,1158
randomdross,1,1217,2960,2033
randomoracle,1,3749,6141,1803
rashid_feroz,1,424,397,361
rawsec,1,106,48,138
realMoBacon,1,414,277,221
reddit_sec_bot,1,8,7733,1646
reporturi,1,413,408,2620
reybango,1,3523,50846,20147
rimpq,1,993,7291,421
roadsec,1,2488,4602,5200
roberthurlbut,1,13058,9034,1307
rocketinventor,1,1026,558,146
roman_soft,1,10742,13704,7115
ronluas,1,310,266,40
rosenthalshons,1,2730,9234,293
royshoemake,1,113,79,85
rubykoroza,1,16096,21284,2758
ryancdotorg,1,472,3058,4400
s0lst1c3,1,2244,1995,3213
s1guza,1,15152,5308,23583
s33k2track0,1,4696,585,702
s3inlc,1,250,301,368
s7ephen,1,16147,22444,12906
sS55752750,1,2369,2827,4893
sagedatasec,1,15,4797,1277
saifuddin_amri,1,779,245,232
salchoman,1,2258,906,281
samlanning,1,16416,8655,990
sanjidaakter23,1,2567,1679,4159
sarmentots,1,505,8832,647
sch_idella,1,0,192,2
schestowitz,1,26850,556574,7671
sdliv,1,446,3317,89
sec_consult,1,252,425,1549
secfigo,1,2302,2623,1577
securedataeu,1,2925,4109,4312
securekomodo,1,494,1198,449
securifybv,1,59,369,1316
securityheaders,1,314,221,3429
securityweekly,1,937,11474,61048
serghei,1,217,988,98
sh0bhit105,1,88,3009,351
shakedko,1,1033,1267,204
shanvav,1,1685,4744,2132
shayla_fiorini,1,0,47,3
shivamshrirao,1,29,105,125
shotgunner101,1,34094,16650,1612
siberxorg,1,29,72,24
silviocesare,1,728,4026,4559
sivaramaaa,1,477,180,100
skovorodan,1,1494,737,247
slaanesh972,1,6,109,20
slicknet,1,909,19457,50034
sniferl4bs,1,1204,53229,4079
soc13tyhacker,1,116,184,726
spacehuhn,1,2186,1385,3305
spiceywasabi,1,1223,1240,295
spyd3r,1,282,13196,819
startuprecap,1,6,85,23
stavros32346296,1,115,78,8
sten0_SE,1,6888,3085,1083
strandjs,1,1673,5372,16351
su13ym4n,1,746,2036,2353
superkojiman,1,0,3953,2939
superruserr,1,3317,1070,4470
svblxyz,1,8116,4594,6068
swaneycody1709,1,0,195,17
sweepatic,1,165,140,173
t4rkd3vilz,1,1538,59,1711
t_czechowski,1,978,391,1002
taina_hiltunen,1,365,76,134
tartamar,1,1923,3947,917
teamcymru,1,107,18595,37921
teddemop,1,5645,6926,11804
tehjh,1,9052,3963,13494
thebatman012,1,684,8851,670
theblacklabguy,1,108,276,112
theblucode,1,67,178,78
thebtbgroup,1,6,846,388
thecarlo,1,296,35781,1661
thedawidbalut,1,2804,3058,554
theevilbit,1,2428,4357,693
thesp0nge,1,2941,42608,2312
thisisalalawi,1,1372,2632,3170
thomas_coseinc,1,55,2599,3851
thotcon,1,1721,4944,6950
threatintel,1,161,7403,85033
threatitude,1,2544,333,203
tllguceekjjuv21,1,0,178,1
togakangaroo,1,155,5165,817
tolgakaratas,1,38,233,399
tom_trans,1,6868,8065,1122
toorcon,1,2,247,3070
topolik,1,514,3041,384
torque59,1,172,224,287
tulpa_security,1,2859,1377,2084
tunnelshade_,1,511,484,603
tuoni_,1,26,247,354
ukjimbow,1,175,21620,633
unaaldia,1,0,3006,11133
unitof,1,1120,16146,570
upaangsaxena,1,242,326,65
urbanadventur3r,1,138,116,225
urstkj,1,60,65,39
usamazaheer222,1,2666,353,256
ustayready,1,5879,2714,2935
vFeed_IO,1,118,650,533
valbonne_ebooks,1,506,78087,93
vanderaj,1,10787,10098,3931
vangelis_at_POC,1,55,1550,6018
vay3t,1,229,2600,350
vcwhiteboard,1,53,284,44
vechainofficial,1,217,495,103909
vector_35,1,262,499,2876
veroandi12,1,1050,689,261
villeniemi76,1,585,561,101
virtualcompute,1,3464,2300,34
vkamluk,1,143,711,2227
vm_vahti,1,121,200,527
vumetric,1,139,2865,2530
vvalien1,1,5165,3137,2376
w3ndige,1,51,58,21
w4rchylde,1,3495,2476,241
waltero197,1,3191,1331,144
waratek,1,348,3705,764
warrenwaltercom,1,306,221,242
waveguyd,1,3468,1386,1212
wccordell,1,1721,2830,797
webtobesocial,1,17025,1455,589
welivesecurity,1,69,1494,3602
william_seely,1,4476,3337,1260
wimremes,1,24027,42255,13993
x86party,1,488,581,201
xAeZBMEZekFc6RS,1,0,111,2
xEFFFFFFF,1,272,333,109
xKaliSec,1,108,453,21341
xenosCR,1,3960,691,137
xploresec,1,147,191,193
y0n3uchy,1,198,90,208
yasinsurer,1,356,1816,779
ylmzmre,1,780,3366,347
yoroisecurity,1,153,3760,437
yostane,1,2858,3946,173
yuris,1,4804,7176,4854
yuyudhn,1,3,8304,30376
z00v4sh,1,337,1722,96
z0mbi3,1,451,6230,748
z3roTrust,1,3174,9513,516
zackhimself,1,1712,1385,602
zackwhittaker,1,47317,5503,33506
zataz,1,2394,29610,21737
zbeekman,1,1177,2168,415
zer0pwn,1,4619,486,1617
